AK,Central line-associated blood stream infections (CLABSI),HAI_1_SIR,0.305,,1/1/2013,12/31/2013
AL,Central line-associated blood stream infections (CLABSI),HAI_1_SIR,0.587,,1/1/2013,12/31/2013
AR,Central line-associated blood stream infections (CLABSI),HAI_1_SIR,0.516,,1/1/2013,12/31/2013
AS,Central line-associated blood stream infections (CLABSI),HAI_1_SIR,Not Available,13 - Results cannot be calculated for this reporting period.,1/1/2013,12/31/2013
AZ,Central line-associated blood stream infections (CLABSI),HAI_1_SIR,0.561,,1/1/2013,12/31/2013
CA,Central line-associated blood stream infections (CLABSI),HAI_1_SIR,0.475,,1/1/2013,12/31/2013
CO,Central line-associated blood stream infections (CLABSI),HAI_1_SIR,0.44,,1/1/2013,12/31/2013
CT,Central line-associated blood stream infections (CLABSI),HAI_1_SIR,0.483,,1/1/2013,12/31/2013
DC,Central line-associated blood stream infections (CLABSI),HAI_1_SIR,0.539,,1/1/2013,12/31/2013
DE,Central line-associated blood stream infections (CLABSI),HAI_1_SIR,0.528,,1/1/2013,12/31/2013
FL,Central line-associated blood stream infections (CLABSI),HAI_1_SIR,0.549,,1/1/2013,12/31/2013
GA,Central line-associated blood stream infections (CLABSI),HAI_1_SIR,0.715,,1/1/2013,12/31/2013
GU,Central line-associated blood stream infections (CLABSI),HAI_1_SIR,Not Available,,1/1/2013,12/31/2013
HI,Central line-associated blood stream infections (CLABSI),HAI_1_SIR,0.223,,1/1/2013,12/31/2013
IA,Central line-associated blood stream infections (CLABSI),HAI_1_SIR,0.539,,1/1/2013,12/31/2013
ID,Central line-associated blood stream infections (CLABSI),HAI_1_SIR,0.306,,1/1/2013,12/31/2013
IL,Central line-associated blood stream infections (CLABSI),HAI_1_SIR,0.442,,1/1/2013,12/31/2013
IN,Central line-associated blood stream infections (CLABSI),HAI_1_SIR,0.631,,1/1/2013,12/31/2013
KS,Central line-associated blood stream infections (CLABSI),HAI_1_SIR,0.39,,1/1/2013,12/31/2013
KY,Central line-associated blood stream infections (CLABSI),HAI_1_SIR,0.566,,1/1/2013,12/31/2013
LA,Central line-associated blood stream infections (CLABSI),HAI_1_SIR,0.676,,1/1/2013,12/31/2013
MA,Central line-associated blood stream infections (CLABSI),HAI_1_SIR,0.405,,1/1/2013,12/31/2013
MD,Central line-associated blood stream infections (CLABSI),HAI_1_SIR,0.474,,1/1/2013,12/31/2013
ME,Central line-associated blood stream infections (CLABSI),HAI_1_SIR,0.678,,1/1/2013,12/31/2013
MI,Central line-associated blood stream infections (CLABSI),HAI_1_SIR,0.418,,1/1/2013,12/31/2013
MN,Central line-associated blood stream infections (CLABSI),HAI_1_SIR,0.381,,1/1/2013,12/31/2013
MO,Central line-associated blood stream infections (CLABSI),HAI_1_SIR,0.42,,1/1/2013,12/31/2013
MP,Central line-associated blood stream infections (CLABSI),HAI_1_SIR,Not Available,13 - Results cannot be calculated for this reporting period.,1/1/2013,12/31/2013
MS,Central line-associated blood stream infections (CLABSI),HAI_1_SIR,0.752,,1/1/2013,12/31/2013
MT,Central line-associated blood stream infections (CLABSI),HAI_1_SIR,0.73,,1/1/2013,12/31/2013
NC,Central line-associated blood stream infections (CLABSI),HAI_1_SIR,0.508,,1/1/2013,12/31/2013
ND,Central line-associated blood stream infections (CLABSI),HAI_1_SIR,0.366,,1/1/2013,12/31/2013
NE,Central line-associated blood stream infections (CLABSI),HAI_1_SIR,0.539,,1/1/2013,12/31/2013
NH,Central line-associated blood stream infections (CLABSI),HAI_1_SIR,0.312,,1/1/2013,12/31/2013
NJ,Central line-associated blood stream infections (CLABSI),HAI_1_SIR,0.607,,1/1/2013,12/31/2013
NM,Central line-associated blood stream infections (CLABSI),HAI_1_SIR,0.43,,1/1/2013,12/31/2013
NV,Central line-associated blood stream infections (CLABSI),HAI_1_SIR,0.563,,1/1/2013,12/31/2013
NY,Central line-associated blood stream infections (CLABSI),HAI_1_SIR,0.461,,1/1/2013,12/31/2013
OH,Central line-associated blood stream infections (CLABSI),HAI_1_SIR,0.408,,1/1/2013,12/31/2013
OK,Central line-associated blood stream infections (CLABSI),HAI_1_SIR,0.416,,1/1/2013,12/31/2013
OR,Central line-associated blood stream infections (CLABSI),HAI_1_SIR,0.275,,1/1/2013,12/31/2013
PA,Central line-associated blood stream infections (CLABSI),HAI_1_SIR,0.466,,1/1/2013,12/31/2013
PR,Central line-associated blood stream infections (CLABSI),HAI_1_SIR,0.79,,1/1/2013,12/31/2013
RI,Central line-associated blood stream infections (CLABSI),HAI_1_SIR,0.494,,1/1/2013,12/31/2013
SC,Central line-associated blood stream infections (CLABSI),HAI_1_SIR,0.538,,1/1/2013,12/31/2013
SD,Central line-associated blood stream infections (CLABSI),HAI_1_SIR,0.187,,1/1/2013,12/31/2013
TN,Central line-associated blood stream infections (CLABSI),HAI_1_SIR,0.508,,1/1/2013,12/31/2013
TX,Central line-associated blood stream infections (CLABSI),HAI_1_SIR,0.535,,1/1/2013,12/31/2013
UT,Central line-associated blood stream infections (CLABSI),HAI_1_SIR,0.657,,1/1/2013,12/31/2013
VA,Central line-associated blood stream infections (CLABSI),HAI_1_SIR,0.479,,1/1/2013,12/31/2013
VI,Central line-associated blood stream infections (CLABSI),HAI_1_SIR,2.642,,1/1/2013,12/31/2013
VT,Central line-associated blood stream infections (CLABSI),HAI_1_SIR,0.224,,1/1/2013,12/31/2013
WA,Central line-associated blood stream infections (CLABSI),HAI_1_SIR,0.452,,1/1/2013,12/31/2013
WI,Central line-associated blood stream infections (CLABSI),HAI_1_SIR,0.461,,1/1/2013,12/31/2013
WV,Central line-associated blood stream infections (CLABSI),HAI_1_SIR,0.398,,1/1/2013,12/31/2013
WY,Central line-associated blood stream infections (CLABSI),HAI_1_SIR,0.661,,1/1/2013,12/31/2013
AK,CLABSI Upper Confidence Limit,HAI_1_CI_UPPER,0.634,,1/1/2013,12/31/2013
AL,CLABSI Upper Confidence Limit,HAI_1_CI_UPPER,0.665,,1/1/2013,12/31/2013
AR,CLABSI Upper Confidence Limit,HAI_1_CI_UPPER,0.611,,1/1/2013,12/31/2013
AS,CLABSI Upper Confidence Limit,HAI_1_CI_UPPER,Not Available,13 - Results cannot be calculated for this reporting period.,1/1/2013,12/31/2013
AZ,CLABSI Upper Confidence Limit,HAI_1_CI_UPPER,0.64,,1/1/2013,12/31/2013
CA,CLABSI Upper Confidence Limit,HAI_1_CI_UPPER,0.506,,1/1/2013,12/31/2013
CO,CLABSI Upper Confidence Limit,HAI_1_CI_UPPER,0.528,,1/1/2013,12/31/2013
CT,CLABSI Upper Confidence Limit,HAI_1_CI_UPPER,0.588,,1/1/2013,12/31/2013
DC,CLABSI Upper Confidence Limit,HAI_1_CI_UPPER,0.667,,1/1/2013,12/31/2013
DE,CLABSI Upper Confidence Limit,HAI_1_CI_UPPER,0.753,,1/1/2013,12/31/2013
FL,CLABSI Upper Confidence Limit,HAI_1_CI_UPPER,0.587,,1/1/2013,12/31/2013
GA,CLABSI Upper Confidence Limit,HAI_1_CI_UPPER,0.782,,1/1/2013,12/31/2013
GU,CLABSI Upper Confidence Limit,HAI_1_CI_UPPER,6.305,,1/1/2013,12/31/2013
HI,CLABSI Upper Confidence Limit,HAI_1_CI_UPPER,0.365,,1/1/2013,12/31/2013
IA,CLABSI Upper Confidence Limit,HAI_1_CI_UPPER,0.671,,1/1/2013,12/31/2013
ID,CLABSI Upper Confidence Limit,HAI_1_CI_UPPER,0.48,,1/1/2013,12/31/2013
IL,CLABSI Upper Confidence Limit,HAI_1_CI_UPPER,0.492,,1/1/2013,12/31/2013
IN,CLABSI Upper Confidence Limit,HAI_1_CI_UPPER,0.707,,1/1/2013,12/31/2013
KS,CLABSI Upper Confidence Limit,HAI_1_CI_UPPER,0.492,,1/1/2013,12/31/2013
KY,CLABSI Upper Confidence Limit,HAI_1_CI_UPPER,0.653,,1/1/2013,12/31/2013
LA,CLABSI Upper Confidence Limit,HAI_1_CI_UPPER,0.764,,1/1/2013,12/31/2013
MA,CLABSI Upper Confidence Limit,HAI_1_CI_UPPER,0.468,,1/1/2013,12/31/2013
MD,CLABSI Upper Confidence Limit,HAI_1_CI_UPPER,0.552,,1/1/2013,12/31/2013
ME,CLABSI Upper Confidence Limit,HAI_1_CI_UPPER,0.961,,1/1/2013,12/31/2013
MI,CLABSI Upper Confidence Limit,HAI_1_CI_UPPER,0.465,,1/1/2013,12/31/2013
MN,CLABSI Upper Confidence Limit,HAI_1_CI_UPPER,0.468,,1/1/2013,12/31/2013
MO,CLABSI Upper Confidence Limit,HAI_1_CI_UPPER,0.482,,1/1/2013,12/31/2013
MP,CLABSI Upper Confidence Limit,HAI_1_CI_UPPER,Not Available,13 - Results cannot be calculated for this reporting period.,1/1/2013,12/31/2013
MS,CLABSI Upper Confidence Limit,HAI_1_CI_UPPER,0.878,,1/1/2013,12/31/2013
MT,CLABSI Upper Confidence Limit,HAI_1_CI_UPPER,1.078,,1/1/2013,12/31/2013
NC,CLABSI Upper Confidence Limit,HAI_1_CI_UPPER,0.567,,1/1/2013,12/31/2013
ND,CLABSI Upper Confidence Limit,HAI_1_CI_UPPER,0.549,,1/1/2013,12/31/2013
NE,CLABSI Upper Confidence Limit,HAI_1_CI_UPPER,0.698,,1/1/2013,12/31/2013
NH,CLABSI Upper Confidence Limit,HAI_1_CI_UPPER,0.51,,1/1/2013,12/31/2013
NJ,CLABSI Upper Confidence Limit,HAI_1_CI_UPPER,0.676,,1/1/2013,12/31/2013
NM,CLABSI Upper Confidence Limit,HAI_1_CI_UPPER,0.582,,1/1/2013,12/31/2013
NV,CLABSI Upper Confidence Limit,HAI_1_CI_UPPER,0.658,,1/1/2013,12/31/2013
NY,CLABSI Upper Confidence Limit,HAI_1_CI_UPPER,0.499,,1/1/2013,12/31/2013
OH,CLABSI Upper Confidence Limit,HAI_1_CI_UPPER,0.454,,1/1/2013,12/31/2013
OK,CLABSI Upper Confidence Limit,HAI_1_CI_UPPER,0.492,,1/1/2013,12/31/2013
OR,CLABSI Upper Confidence Limit,HAI_1_CI_UPPER,0.364,,1/1/2013,12/31/2013
PA,CLABSI Upper Confidence Limit,HAI_1_CI_UPPER,0.507,,1/1/2013,12/31/2013
PR,CLABSI Upper Confidence Limit,HAI_1_CI_UPPER,0.994,,1/1/2013,12/31/2013
RI,CLABSI Upper Confidence Limit,HAI_1_CI_UPPER,0.697,,1/1/2013,12/31/2013
SC,CLABSI Upper Confidence Limit,HAI_1_CI_UPPER,0.623,,1/1/2013,12/31/2013
SD,CLABSI Upper Confidence Limit,HAI_1_CI_UPPER,0.355,,1/1/2013,12/31/2013
TN,CLABSI Upper Confidence Limit,HAI_1_CI_UPPER,0.569,,1/1/2013,12/31/2013
TX,CLABSI Upper Confidence Limit,HAI_1_CI_UPPER,0.571,,1/1/2013,12/31/2013
UT,CLABSI Upper Confidence Limit,HAI_1_CI_UPPER,0.806,,1/1/2013,12/31/2013
VA,CLABSI Upper Confidence Limit,HAI_1_CI_UPPER,0.546,,1/1/2013,12/31/2013
VI,CLABSI Upper Confidence Limit,HAI_1_CI_UPPER,5.017,,1/1/2013,12/31/2013
VT,CLABSI Upper Confidence Limit,HAI_1_CI_UPPER,0.495,,1/1/2013,12/31/2013
WA,CLABSI Upper Confidence Limit,HAI_1_CI_UPPER,0.533,,1/1/2013,12/31/2013
WI,CLABSI Upper Confidence Limit,HAI_1_CI_UPPER,0.546,,1/1/2013,12/31/2013
WV,CLABSI Upper Confidence Limit,HAI_1_CI_UPPER,0.499,,1/1/2013,12/31/2013
WY,CLABSI Upper Confidence Limit,HAI_1_CI_UPPER,1.464,,1/1/2013,12/31/2013
AK,CLABSI Lower Confidence Limit,HAI_1_CI_LOWER,0.124,,1/1/2013,12/31/2013
AL,CLABSI Lower Confidence Limit,HAI_1_CI_LOWER,0.517,,1/1/2013,12/31/2013
AR,CLABSI Lower Confidence Limit,HAI_1_CI_LOWER,0.433,,1/1/2013,12/31/2013
AS,CLABSI Lower Confidence Limit,HAI_1_CI_LOWER,Not Available,13 - Results cannot be calculated for this reporting period.,1/1/2013,12/31/2013
AZ,CLABSI Lower Confidence Limit,HAI_1_CI_LOWER,0.489,,1/1/2013,12/31/2013
CA,CLABSI Lower Confidence Limit,HAI_1_CI_LOWER,0.447,,1/1/2013,12/31/2013
CO,CLABSI Lower Confidence Limit,HAI_1_CI_LOWER,0.363,,1/1/2013,12/31/2013
CT,CLABSI Lower Confidence Limit,HAI_1_CI_LOWER,0.394,,1/1/2013,12/31/2013
DC,CLABSI Lower Confidence Limit,HAI_1_CI_LOWER,0.43,,1/1/2013,12/31/2013
DE,CLABSI Lower Confidence Limit,HAI_1_CI_LOWER,0.358,,1/1/2013,12/31/2013
FL,CLABSI Lower Confidence Limit,HAI_1_CI_LOWER,0.514,,1/1/2013,12/31/2013
GA,CLABSI Lower Confidence Limit,HAI_1_CI_LOWER,0.652,,1/1/2013,12/31/2013
GU,CLABSI Lower Confidence Limit,HAI_1_CI_LOWER,0.32,,1/1/2013,12/31/2013
HI,CLABSI Lower Confidence Limit,HAI_1_CI_LOWER,0.127,,1/1/2013,12/31/2013
IA,CLABSI Lower Confidence Limit,HAI_1_CI_LOWER,0.428,,1/1/2013,12/31/2013
ID,CLABSI Lower Confidence Limit,HAI_1_CI_LOWER,0.184,,1/1/2013,12/31/2013
IL,CLABSI Lower Confidence Limit,HAI_1_CI_LOWER,0.396,,1/1/2013,12/31/2013
IN,CLABSI Lower Confidence Limit,HAI_1_CI_LOWER,0.562,,1/1/2013,12/31/2013
KS,CLABSI Lower Confidence Limit,HAI_1_CI_LOWER,0.304,,1/1/2013,12/31/2013
KY,CLABSI Lower Confidence Limit,HAI_1_CI_LOWER,0.488,,1/1/2013,12/31/2013
LA,CLABSI Lower Confidence Limit,HAI_1_CI_LOWER,0.596,,1/1/2013,12/31/2013
MA,CLABSI Lower Confidence Limit,HAI_1_CI_LOWER,0.348,,1/1/2013,12/31/2013
MD,CLABSI Lower Confidence Limit,HAI_1_CI_LOWER,0.405,,1/1/2013,12/31/2013
ME,CLABSI Lower Confidence Limit,HAI_1_CI_LOWER,0.463,,1/1/2013,12/31/2013
MI,CLABSI Lower Confidence Limit,HAI_1_CI_LOWER,0.374,,1/1/2013,12/31/2013
MN,CLABSI Lower Confidence Limit,HAI_1_CI_LOWER,0.306,,1/1/2013,12/31/2013
MO,CLABSI Lower Confidence Limit,HAI_1_CI_LOWER,0.364,,1/1/2013,12/31/2013
MP,CLABSI Lower Confidence Limit,HAI_1_CI_LOWER,Not Available,13 - Results cannot be calculated for this reporting period.,1/1/2013,12/31/2013
MS,CLABSI Lower Confidence Limit,HAI_1_CI_LOWER,0.64,,1/1/2013,12/31/2013
MT,CLABSI Lower Confidence Limit,HAI_1_CI_LOWER,0.474,,1/1/2013,12/31/2013
NC,CLABSI Lower Confidence Limit,HAI_1_CI_LOWER,0.454,,1/1/2013,12/31/2013
ND,CLABSI Lower Confidence Limit,HAI_1_CI_LOWER,0.232,,1/1/2013,12/31/2013
NE,CLABSI Lower Confidence Limit,HAI_1_CI_LOWER,0.409,,1/1/2013,12/31/2013
NH,CLABSI Lower Confidence Limit,HAI_1_CI_LOWER,0.177,,1/1/2013,12/31/2013
NJ,CLABSI Lower Confidence Limit,HAI_1_CI_LOWER,0.543,,1/1/2013,12/31/2013
NM,CLABSI Lower Confidence Limit,HAI_1_CI_LOWER,0.31,,1/1/2013,12/31/2013
NV,CLABSI Lower Confidence Limit,HAI_1_CI_LOWER,0.478,,1/1/2013,12/31/2013
NY,CLABSI Lower Confidence Limit,HAI_1_CI_LOWER,0.424,,1/1/2013,12/31/2013
OH,CLABSI Lower Confidence Limit,HAI_1_CI_LOWER,0.366,,1/1/2013,12/31/2013
OK,CLABSI Lower Confidence Limit,HAI_1_CI_LOWER,0.349,,1/1/2013,12/31/2013
OR,CLABSI Lower Confidence Limit,HAI_1_CI_LOWER,0.204,,1/1/2013,12/31/2013
PA,CLABSI Lower Confidence Limit,HAI_1_CI_LOWER,0.428,,1/1/2013,12/31/2013
PR,CLABSI Lower Confidence Limit,HAI_1_CI_LOWER,0.62,,1/1/2013,12/31/2013
RI,CLABSI Lower Confidence Limit,HAI_1_CI_LOWER,0.34,,1/1/2013,12/31/2013
SC,CLABSI Lower Confidence Limit,HAI_1_CI_LOWER,0.462,,1/1/2013,12/31/2013
SD,CLABSI Lower Confidence Limit,HAI_1_CI_LOWER,0.087,,1/1/2013,12/31/2013
TN,CLABSI Lower Confidence Limit,HAI_1_CI_LOWER,0.453,,1/1/2013,12/31/2013
TX,CLABSI Lower Confidence Limit,HAI_1_CI_LOWER,0.502,,1/1/2013,12/31/2013
UT,CLABSI Lower Confidence Limit,HAI_1_CI_LOWER,0.53,,1/1/2013,12/31/2013
VA,CLABSI Lower Confidence Limit,HAI_1_CI_LOWER,0.418,,1/1/2013,12/31/2013
VI,CLABSI Lower Confidence Limit,HAI_1_CI_LOWER,1.227,,1/1/2013,12/31/2013
VT,CLABSI Lower Confidence Limit,HAI_1_CI_LOWER,0.082,,1/1/2013,12/31/2013
WA,CLABSI Lower Confidence Limit,HAI_1_CI_LOWER,0.381,,1/1/2013,12/31/2013
WI,CLABSI Lower Confidence Limit,HAI_1_CI_LOWER,0.386,,1/1/2013,12/31/2013
WV,CLABSI Lower Confidence Limit,HAI_1_CI_LOWER,0.313,,1/1/2013,12/31/2013
WY,CLABSI Lower Confidence Limit,HAI_1_CI_LOWER,0.242,,1/1/2013,12/31/2013
AK,Catheter-Associated Urinary Tract Infections (CAUTI),HAI_2_SIR,1.03,,1/1/2013,12/31/2013
AL,Catheter-Associated Urinary Tract Infections (CAUTI),HAI_2_SIR,1.032,,1/1/2013,12/31/2013
AR,Catheter-Associated Urinary Tract Infections (CAUTI),HAI_2_SIR,1.087,,1/1/2013,12/31/2013
AS,Catheter-Associated Urinary Tract Infections (CAUTI),HAI_2_SIR,Not Available,13 - Results cannot be calculated for this reporting period.,1/1/2013,12/31/2013
AZ,Catheter-Associated Urinary Tract Infections (CAUTI),HAI_2_SIR,1.19,,1/1/2013,12/31/2013
CA,Catheter-Associated Urinary Tract Infections (CAUTI),HAI_2_SIR,1.17,,1/1/2013,12/31/2013
CO,Catheter-Associated Urinary Tract Infections (CAUTI),HAI_2_SIR,0.849,,1/1/2013,12/31/2013
CT,Catheter-Associated Urinary Tract Infections (CAUTI),HAI_2_SIR,1.659,,1/1/2013,12/31/2013
DC,Catheter-Associated Urinary Tract Infections (CAUTI),HAI_2_SIR,1.281,,1/1/2013,12/31/2013
DE,Catheter-Associated Urinary Tract Infections (CAUTI),HAI_2_SIR,1.489,,1/1/2013,12/31/2013
FL,Catheter-Associated Urinary Tract Infections (CAUTI),HAI_2_SIR,0.954,,1/1/2013,12/31/2013
GA,Catheter-Associated Urinary Tract Infections (CAUTI),HAI_2_SIR,1.384,,1/1/2013,12/31/2013
GU,Catheter-Associated Urinary Tract Infections (CAUTI),HAI_2_SIR,Not Available,,1/1/2013,12/31/2013
HI,Catheter-Associated Urinary Tract Infections (CAUTI),HAI_2_SIR,0.608,,1/1/2013,12/31/2013
IA,Catheter-Associated Urinary Tract Infections (CAUTI),HAI_2_SIR,0.991,,1/1/2013,12/31/2013
ID,Catheter-Associated Urinary Tract Infections (CAUTI),HAI_2_SIR,1.149,,1/1/2013,12/31/2013
IL,Catheter-Associated Urinary Tract Infections (CAUTI),HAI_2_SIR,1.13,,1/1/2013,12/31/2013
IN,Catheter-Associated Urinary Tract Infections (CAUTI),HAI_2_SIR,1.411,,1/1/2013,12/31/2013
KS,Catheter-Associated Urinary Tract Infections (CAUTI),HAI_2_SIR,1.144,,1/1/2013,12/31/2013
KY,Catheter-Associated Urinary Tract Infections (CAUTI),HAI_2_SIR,1.285,,1/1/2013,12/31/2013
LA,Catheter-Associated Urinary Tract Infections (CAUTI),HAI_2_SIR,0.947,,1/1/2013,12/31/2013
MA,Catheter-Associated Urinary Tract Infections (CAUTI),HAI_2_SIR,1.781,,1/1/2013,12/31/2013
MD,Catheter-Associated Urinary Tract Infections (CAUTI),HAI_2_SIR,1.7,,1/1/2013,12/31/2013
ME,Catheter-Associated Urinary Tract Infections (CAUTI),HAI_2_SIR,1.944,,1/1/2013,12/31/2013
MI,Catheter-Associated Urinary Tract Infections (CAUTI),HAI_2_SIR,1.295,,1/1/2013,12/31/2013
MN,Catheter-Associated Urinary Tract Infections (CAUTI),HAI_2_SIR,1.41,,1/1/2013,12/31/2013
MO,Catheter-Associated Urinary Tract Infections (CAUTI),HAI_2_SIR,1.084,,1/1/2013,12/31/2013
MP,Catheter-Associated Urinary Tract Infections (CAUTI),HAI_2_SIR,Not Available,13 - Results cannot be calculated for this reporting period.,1/1/2013,12/31/2013
MS,Catheter-Associated Urinary Tract Infections (CAUTI),HAI_2_SIR,1.116,,1/1/2013,12/31/2013
MT,Catheter-Associated Urinary Tract Infections (CAUTI),HAI_2_SIR,0.973,,1/1/2013,12/31/2013
NC,Catheter-Associated Urinary Tract Infections (CAUTI),HAI_2_SIR,1.206,,1/1/2013,12/31/2013
ND,Catheter-Associated Urinary Tract Infections (CAUTI),HAI_2_SIR,0.76,,1/1/2013,12/31/2013
NE,Catheter-Associated Urinary Tract Infections (CAUTI),HAI_2_SIR,1.388,,1/1/2013,12/31/2013
NH,Catheter-Associated Urinary Tract Infections (CAUTI),HAI_2_SIR,0.981,,1/1/2013,12/31/2013
NJ,Catheter-Associated Urinary Tract Infections (CAUTI),HAI_2_SIR,1.116,,1/1/2013,12/31/2013
NM,Catheter-Associated Urinary Tract Infections (CAUTI),HAI_2_SIR,0.894,,1/1/2013,12/31/2013
NV,Catheter-Associated Urinary Tract Infections (CAUTI),HAI_2_SIR,1.202,,1/1/2013,12/31/2013
NY,Catheter-Associated Urinary Tract Infections (CAUTI),HAI_2_SIR,1.343,,1/1/2013,12/31/2013
OH,Catheter-Associated Urinary Tract Infections (CAUTI),HAI_2_SIR,1.006,,1/1/2013,12/31/2013
OK,Catheter-Associated Urinary Tract Infections (CAUTI),HAI_2_SIR,0.82,,1/1/2013,12/31/2013
OR,Catheter-Associated Urinary Tract Infections (CAUTI),HAI_2_SIR,1.215,,1/1/2013,12/31/2013
PA,Catheter-Associated Urinary Tract Infections (CAUTI),HAI_2_SIR,1.185,,1/1/2013,12/31/2013
PR,Catheter-Associated Urinary Tract Infections (CAUTI),HAI_2_SIR,0.83,,1/1/2013,12/31/2013
RI,Catheter-Associated Urinary Tract Infections (CAUTI),HAI_2_SIR,1.406,,1/1/2013,12/31/2013
SC,Catheter-Associated Urinary Tract Infections (CAUTI),HAI_2_SIR,1.633,,1/1/2013,12/31/2013
SD,Catheter-Associated Urinary Tract Infections (CAUTI),HAI_2_SIR,0.937,,1/1/2013,12/31/2013
TN,Catheter-Associated Urinary Tract Infections (CAUTI),HAI_2_SIR,1.389,,1/1/2013,12/31/2013
TX,Catheter-Associated Urinary Tract Infections (CAUTI),HAI_2_SIR,1.083,,1/1/2013,12/31/2013
UT,Catheter-Associated Urinary Tract Infections (CAUTI),HAI_2_SIR,1.721,,1/1/2013,12/31/2013
VA,Catheter-Associated Urinary Tract Infections (CAUTI),HAI_2_SIR,1.182,,1/1/2013,12/31/2013
VI,Catheter-Associated Urinary Tract Infections (CAUTI),HAI_2_SIR,2.384,,1/1/2013,12/31/2013
VT,Catheter-Associated Urinary Tract Infections (CAUTI),HAI_2_SIR,0.84,,1/1/2013,12/31/2013
WA,Catheter-Associated Urinary Tract Infections (CAUTI),HAI_2_SIR,1.159,,1/1/2013,12/31/2013
WI,Catheter-Associated Urinary Tract Infections (CAUTI),HAI_2_SIR,1.116,,1/1/2013,12/31/2013
WV,Catheter-Associated Urinary Tract Infections (CAUTI),HAI_2_SIR,0.637,,1/1/2013,12/31/2013
WY,Catheter-Associated Urinary Tract Infections (CAUTI),HAI_2_SIR,0.441,,1/1/2013,12/31/2013
AK,CAUTI Upper Confidence Limit,HAI_2_CI_UPPER,1.616,,1/1/2013,12/31/2013
AL,CAUTI Upper Confidence Limit,HAI_2_CI_UPPER,1.118,,1/1/2013,12/31/2013
AR,CAUTI Upper Confidence Limit,HAI_2_CI_UPPER,1.231,,1/1/2013,12/31/2013
AS,CAUTI Upper Confidence Limit,HAI_2_CI_UPPER,Not Available,13 - Results cannot be calculated for this reporting period.,1/1/2013,12/31/2013
AZ,CAUTI Upper Confidence Limit,HAI_2_CI_UPPER,1.3,,1/1/2013,12/31/2013
CA,CAUTI Upper Confidence Limit,HAI_2_CI_UPPER,1.218,,1/1/2013,12/31/2013
CO,CAUTI Upper Confidence Limit,HAI_2_CI_UPPER,0.966,,1/1/2013,12/31/2013
CT,CAUTI Upper Confidence Limit,HAI_2_CI_UPPER,1.824,,1/1/2013,12/31/2013
DC,CAUTI Upper Confidence Limit,HAI_2_CI_UPPER,1.51,,1/1/2013,12/31/2013
DE,CAUTI Upper Confidence Limit,HAI_2_CI_UPPER,1.869,,1/1/2013,12/31/2013
FL,CAUTI Upper Confidence Limit,HAI_2_CI_UPPER,1.001,,1/1/2013,12/31/2013
GA,CAUTI Upper Confidence Limit,HAI_2_CI_UPPER,1.473,,1/1/2013,12/31/2013
GU,CAUTI Upper Confidence Limit,HAI_2_CI_UPPER,1.84,,1/1/2013,12/31/2013
HI,CAUTI Upper Confidence Limit,HAI_2_CI_UPPER,0.811,,1/1/2013,12/31/2013
IA,CAUTI Upper Confidence Limit,HAI_2_CI_UPPER,1.168,,1/1/2013,12/31/2013
ID,CAUTI Upper Confidence Limit,HAI_2_CI_UPPER,1.466,,1/1/2013,12/31/2013
IL,CAUTI Upper Confidence Limit,HAI_2_CI_UPPER,1.208,,1/1/2013,12/31/2013
IN,CAUTI Upper Confidence Limit,HAI_2_CI_UPPER,1.521,,1/1/2013,12/31/2013
KS,CAUTI Upper Confidence Limit,HAI_2_CI_UPPER,1.303,,1/1/2013,12/31/2013
KY,CAUTI Upper Confidence Limit,HAI_2_CI_UPPER,1.403,,1/1/2013,12/31/2013
LA,CAUTI Upper Confidence Limit,HAI_2_CI_UPPER,1.045,,1/1/2013,12/31/2013
MA,CAUTI Upper Confidence Limit,HAI_2_CI_UPPER,1.901,,1/1/2013,12/31/2013
MD,CAUTI Upper Confidence Limit,HAI_2_CI_UPPER,1.874,,1/1/2013,12/31/2013
ME,CAUTI Upper Confidence Limit,HAI_2_CI_UPPER,2.366,,1/1/2013,12/31/2013
MI,CAUTI Upper Confidence Limit,HAI_2_CI_UPPER,1.373,,1/1/2013,12/31/2013
MN,CAUTI Upper Confidence Limit,HAI_2_CI_UPPER,1.572,,1/1/2013,12/31/2013
MO,CAUTI Upper Confidence Limit,HAI_2_CI_UPPER,1.178,,1/1/2013,12/31/2013
MP,CAUTI Upper Confidence Limit,HAI_2_CI_UPPER,Not Available,13 - Results cannot be calculated for this reporting period.,1/1/2013,12/31/2013
MS,CAUTI Upper Confidence Limit,HAI_2_CI_UPPER,1.254,,1/1/2013,12/31/2013
MT,CAUTI Upper Confidence Limit,HAI_2_CI_UPPER,1.372,,1/1/2013,12/31/2013
NC,CAUTI Upper Confidence Limit,HAI_2_CI_UPPER,1.29,,1/1/2013,12/31/2013
ND,CAUTI Upper Confidence Limit,HAI_2_CI_UPPER,1.028,,1/1/2013,12/31/2013
NE,CAUTI Upper Confidence Limit,HAI_2_CI_UPPER,1.661,,1/1/2013,12/31/2013
NH,CAUTI Upper Confidence Limit,HAI_2_CI_UPPER,1.273,,1/1/2013,12/31/2013
NJ,CAUTI Upper Confidence Limit,HAI_2_CI_UPPER,1.202,,1/1/2013,12/31/2013
NM,CAUTI Upper Confidence Limit,HAI_2_CI_UPPER,1.099,,1/1/2013,12/31/2013
NV,CAUTI Upper Confidence Limit,HAI_2_CI_UPPER,1.352,,1/1/2013,12/31/2013
NY,CAUTI Upper Confidence Limit,HAI_2_CI_UPPER,1.404,,1/1/2013,12/31/2013
OH,CAUTI Upper Confidence Limit,HAI_2_CI_UPPER,1.069,,1/1/2013,12/31/2013
OK,CAUTI Upper Confidence Limit,HAI_2_CI_UPPER,0.93,,1/1/2013,12/31/2013
OR,CAUTI Upper Confidence Limit,HAI_2_CI_UPPER,1.391,,1/1/2013,12/31/2013
PA,CAUTI Upper Confidence Limit,HAI_2_CI_UPPER,1.248,,1/1/2013,12/31/2013
PR,CAUTI Upper Confidence Limit,HAI_2_CI_UPPER,1.006,,1/1/2013,12/31/2013
RI,CAUTI Upper Confidence Limit,HAI_2_CI_UPPER,1.722,,1/1/2013,12/31/2013
SC,CAUTI Upper Confidence Limit,HAI_2_CI_UPPER,1.773,,1/1/2013,12/31/2013
SD,CAUTI Upper Confidence Limit,HAI_2_CI_UPPER,1.307,,1/1/2013,12/31/2013
TN,CAUTI Upper Confidence Limit,HAI_2_CI_UPPER,1.481,,1/1/2013,12/31/2013
TX,CAUTI Upper Confidence Limit,HAI_2_CI_UPPER,1.134,,1/1/2013,12/31/2013
UT,CAUTI Upper Confidence Limit,HAI_2_CI_UPPER,1.965,,1/1/2013,12/31/2013
VA,CAUTI Upper Confidence Limit,HAI_2_CI_UPPER,1.283,,1/1/2013,12/31/2013
VI,CAUTI Upper Confidence Limit,HAI_2_CI_UPPER,4.143,,1/1/2013,12/31/2013
VT,CAUTI Upper Confidence Limit,HAI_2_CI_UPPER,1.25,,1/1/2013,12/31/2013
WA,CAUTI Upper Confidence Limit,HAI_2_CI_UPPER,1.289,,1/1/2013,12/31/2013
WI,CAUTI Upper Confidence Limit,HAI_2_CI_UPPER,1.244,,1/1/2013,12/31/2013
WV,CAUTI Upper Confidence Limit,HAI_2_CI_UPPER,0.751,,1/1/2013,12/31/2013
WY,CAUTI Upper Confidence Limit,HAI_2_CI_UPPER,1.065,,1/1/2013,12/31/2013
AK,CAUTI Lower Confidence Limit,HAI_2_CI_LOWER,0.62,,1/1/2013,12/31/2013
AL,CAUTI Lower Confidence Limit,HAI_2_CI_LOWER,0.95,,1/1/2013,12/31/2013
AR,CAUTI Lower Confidence Limit,HAI_2_CI_LOWER,0.957,,1/1/2013,12/31/2013
AS,CAUTI Lower Confidence Limit,HAI_2_CI_LOWER,Not Available,13 - Results cannot be calculated for this reporting period.,1/1/2013,12/31/2013
AZ,CAUTI Lower Confidence Limit,HAI_2_CI_LOWER,1.087,,1/1/2013,12/31/2013
CA,CAUTI Lower Confidence Limit,HAI_2_CI_LOWER,1.123,,1/1/2013,12/31/2013
CO,CAUTI Lower Confidence Limit,HAI_2_CI_LOWER,0.744,,1/1/2013,12/31/2013
CT,CAUTI Lower Confidence Limit,HAI_2_CI_LOWER,1.506,,1/1/2013,12/31/2013
DC,CAUTI Lower Confidence Limit,HAI_2_CI_LOWER,1.079,,1/1/2013,12/31/2013
DE,CAUTI Lower Confidence Limit,HAI_2_CI_LOWER,1.169,,1/1/2013,12/31/2013
FL,CAUTI Lower Confidence Limit,HAI_2_CI_LOWER,0.908,,1/1/2013,12/31/2013
GA,CAUTI Lower Confidence Limit,HAI_2_CI_LOWER,1.299,,1/1/2013,12/31/2013
GU,CAUTI Lower Confidence Limit,HAI_2_CI_LOWER,-,,1/1/2013,12/31/2013
HI,CAUTI Lower Confidence Limit,HAI_2_CI_LOWER,0.445,,1/1/2013,12/31/2013
IA,CAUTI Lower Confidence Limit,HAI_2_CI_LOWER,0.836,,1/1/2013,12/31/2013
ID,CAUTI Lower Confidence Limit,HAI_2_CI_LOWER,0.887,,1/1/2013,12/31/2013
IL,CAUTI Lower Confidence Limit,HAI_2_CI_LOWER,1.055,,1/1/2013,12/31/2013
IN,CAUTI Lower Confidence Limit,HAI_2_CI_LOWER,1.307,,1/1/2013,12/31/2013
KS,CAUTI Lower Confidence Limit,HAI_2_CI_LOWER,1.001,,1/1/2013,12/31/2013
KY,CAUTI Lower Confidence Limit,HAI_2_CI_LOWER,1.175,,1/1/2013,12/31/2013
LA,CAUTI Lower Confidence Limit,HAI_2_CI_LOWER,0.856,,1/1/2013,12/31/2013
MA,CAUTI Lower Confidence Limit,HAI_2_CI_LOWER,1.667,,1/1/2013,12/31/2013
MD,CAUTI Lower Confidence Limit,HAI_2_CI_LOWER,1.539,,1/1/2013,12/31/2013
ME,CAUTI Lower Confidence Limit,HAI_2_CI_LOWER,1.582,,1/1/2013,12/31/2013
MI,CAUTI Lower Confidence Limit,HAI_2_CI_LOWER,1.22,,1/1/2013,12/31/2013
MN,CAUTI Lower Confidence Limit,HAI_2_CI_LOWER,1.261,,1/1/2013,12/31/2013
MO,CAUTI Lower Confidence Limit,HAI_2_CI_LOWER,0.995,,1/1/2013,12/31/2013
MP,CAUTI Lower Confidence Limit,HAI_2_CI_LOWER,Not Available,13 - Results cannot be calculated for this reporting period.,1/1/2013,12/31/2013
MS,CAUTI Lower Confidence Limit,HAI_2_CI_LOWER,0.989,,1/1/2013,12/31/2013
MT,CAUTI Lower Confidence Limit,HAI_2_CI_LOWER,0.669,,1/1/2013,12/31/2013
NC,CAUTI Lower Confidence Limit,HAI_2_CI_LOWER,1.126,,1/1/2013,12/31/2013
ND,CAUTI Lower Confidence Limit,HAI_2_CI_LOWER,0.548,,1/1/2013,12/31/2013
NE,CAUTI Lower Confidence Limit,HAI_2_CI_LOWER,1.15,,1/1/2013,12/31/2013
NH,CAUTI Lower Confidence Limit,HAI_2_CI_LOWER,0.742,,1/1/2013,12/31/2013
NJ,CAUTI Lower Confidence Limit,HAI_2_CI_LOWER,1.035,,1/1/2013,12/31/2013
NM,CAUTI Lower Confidence Limit,HAI_2_CI_LOWER,0.719,,1/1/2013,12/31/2013
NV,CAUTI Lower Confidence Limit,HAI_2_CI_LOWER,1.065,,1/1/2013,12/31/2013
NY,CAUTI Lower Confidence Limit,HAI_2_CI_LOWER,1.285,,1/1/2013,12/31/2013
OH,CAUTI Lower Confidence Limit,HAI_2_CI_LOWER,0.946,,1/1/2013,12/31/2013
OK,CAUTI Lower Confidence Limit,HAI_2_CI_LOWER,0.72,,1/1/2013,12/31/2013
OR,CAUTI Lower Confidence Limit,HAI_2_CI_LOWER,1.055,,1/1/2013,12/31/2013
PA,CAUTI Lower Confidence Limit,HAI_2_CI_LOWER,1.124,,1/1/2013,12/31/2013
PR,CAUTI Lower Confidence Limit,HAI_2_CI_LOWER,0.678,,1/1/2013,12/31/2013
RI,CAUTI Lower Confidence Limit,HAI_2_CI_LOWER,1.136,,1/1/2013,12/31/2013
SC,CAUTI Lower Confidence Limit,HAI_2_CI_LOWER,1.503,,1/1/2013,12/31/2013
SD,CAUTI Lower Confidence Limit,HAI_2_CI_LOWER,0.652,,1/1/2013,12/31/2013
TN,CAUTI Lower Confidence Limit,HAI_2_CI_LOWER,1.302,,1/1/2013,12/31/2013
TX,CAUTI Lower Confidence Limit,HAI_2_CI_LOWER,1.034,,1/1/2013,12/31/2013
UT,CAUTI Lower Confidence Limit,HAI_2_CI_LOWER,1.501,,1/1/2013,12/31/2013
VA,CAUTI Lower Confidence Limit,HAI_2_CI_LOWER,1.088,,1/1/2013,12/31/2013
VI,CAUTI Lower Confidence Limit,HAI_2_CI_LOWER,1.253,,1/1/2013,12/31/2013
VT,CAUTI Lower Confidence Limit,HAI_2_CI_LOWER,0.54,,1/1/2013,12/31/2013
WA,CAUTI Lower Confidence Limit,HAI_2_CI_LOWER,1.039,,1/1/2013,12/31/2013
WI,CAUTI Lower Confidence Limit,HAI_2_CI_LOWER,0.999,,1/1/2013,12/31/2013
WV,CAUTI Lower Confidence Limit,HAI_2_CI_LOWER,0.536,,1/1/2013,12/31/2013
WY,CAUTI Lower Confidence Limit,HAI_2_CI_LOWER,0.14,,1/1/2013,12/31/2013
AK,Surgical Site Infection from colon surgery (SSI: Colon),HAI_3_SIR,0.875,,1/1/2013,12/31/2013
AL,Surgical Site Infection from colon surgery (SSI: Colon),HAI_3_SIR,0.488,,1/1/2013,12/31/2013
AR,Surgical Site Infection from colon surgery (SSI: Colon),HAI_3_SIR,0.791,,1/1/2013,12/31/2013
AS,Surgical Site Infection from colon surgery (SSI: Colon),HAI_3_SIR,Not Available,13 - Results cannot be calculated for this reporting period.,1/1/2013,12/31/2013
AZ,Surgical Site Infection from colon surgery (SSI: Colon),HAI_3_SIR,1.177,,1/1/2013,12/31/2013
CA,Surgical Site Infection from colon surgery (SSI: Colon),HAI_3_SIR,0.894,,1/1/2013,12/31/2013
CO,Surgical Site Infection from colon surgery (SSI: Colon),HAI_3_SIR,0.767,,1/1/2013,12/31/2013
CT,Surgical Site Infection from colon surgery (SSI: Colon),HAI_3_SIR,1.242,,1/1/2013,12/31/2013
DC,Surgical Site Infection from colon surgery (SSI: Colon),HAI_3_SIR,0.796,,1/1/2013,12/31/2013
DE,Surgical Site Infection from colon surgery (SSI: Colon),HAI_3_SIR,0.746,,1/1/2013,12/31/2013
FL,Surgical Site Infection from colon surgery (SSI: Colon),HAI_3_SIR,0.803,,1/1/2013,12/31/2013
GA,Surgical Site Infection from colon surgery (SSI: Colon),HAI_3_SIR,0.859,,1/1/2013,12/31/2013
GU,Surgical Site Infection from colon surgery (SSI: Colon),HAI_3_SIR,Not Available,13 - Results cannot be calculated for this reporting period.,1/1/2013,12/31/2013
HI,Surgical Site Infection from colon surgery (SSI: Colon),HAI_3_SIR,1.214,,1/1/2013,12/31/2013
IA,Surgical Site Infection from colon surgery (SSI: Colon),HAI_3_SIR,1.197,,1/1/2013,12/31/2013
ID,Surgical Site Infection from colon surgery (SSI: Colon),HAI_3_SIR,1.085,,1/1/2013,12/31/2013
IL,Surgical Site Infection from colon surgery (SSI: Colon),HAI_3_SIR,0.854,,1/1/2013,12/31/2013
IN,Surgical Site Infection from colon surgery (SSI: Colon),HAI_3_SIR,1.115,,1/1/2013,12/31/2013
KS,Surgical Site Infection from colon surgery (SSI: Colon),HAI_3_SIR,1.354,,1/1/2013,12/31/2013
KY,Surgical Site Infection from colon surgery (SSI: Colon),HAI_3_SIR,0.823,,1/1/2013,12/31/2013
LA,Surgical Site Infection from colon surgery (SSI: Colon),HAI_3_SIR,1.009,,1/1/2013,12/31/2013
MA,Surgical Site Infection from colon surgery (SSI: Colon),HAI_3_SIR,1.235,,1/1/2013,12/31/2013
MD,Surgical Site Infection from colon surgery (SSI: Colon),HAI_3_SIR,1.012,,1/1/2013,12/31/2013
ME,Surgical Site Infection from colon surgery (SSI: Colon),HAI_3_SIR,1.245,,1/1/2013,12/31/2013
MI,Surgical Site Infection from colon surgery (SSI: Colon),HAI_3_SIR,1.005,,1/1/2013,12/31/2013
MN,Surgical Site Infection from colon surgery (SSI: Colon),HAI_3_SIR,1.28,,1/1/2013,12/31/2013
MO,Surgical Site Infection from colon surgery (SSI: Colon),HAI_3_SIR,0.688,,1/1/2013,12/31/2013
MP,Surgical Site Infection from colon surgery (SSI: Colon),HAI_3_SIR,Not Available,13 - Results cannot be calculated for this reporting period.,1/1/2013,12/31/2013
MS,Surgical Site Infection from colon surgery (SSI: Colon),HAI_3_SIR,0.749,,1/1/2013,12/31/2013
MT,Surgical Site Infection from colon surgery (SSI: Colon),HAI_3_SIR,0.868,,1/1/2013,12/31/2013
NC,Surgical Site Infection from colon surgery (SSI: Colon),HAI_3_SIR,0.923,,1/1/2013,12/31/2013
ND,Surgical Site Infection from colon surgery (SSI: Colon),HAI_3_SIR,1.065,,1/1/2013,12/31/2013
NE,Surgical Site Infection from colon surgery (SSI: Colon),HAI_3_SIR,1.327,,1/1/2013,12/31/2013
NH,Surgical Site Infection from colon surgery (SSI: Colon),HAI_3_SIR,0.954,,1/1/2013,12/31/2013
NJ,Surgical Site Infection from colon surgery (SSI: Colon),HAI_3_SIR,0.859,,1/1/2013,12/31/2013
NM,Surgical Site Infection from colon surgery (SSI: Colon),HAI_3_SIR,0.768,,1/1/2013,12/31/2013
NV,Surgical Site Infection from colon surgery (SSI: Colon),HAI_3_SIR,1.061,,1/1/2013,12/31/2013
NY,Surgical Site Infection from colon surgery (SSI: Colon),HAI_3_SIR,1.25,,1/1/2013,12/31/2013
OH,Surgical Site Infection from colon surgery (SSI: Colon),HAI_3_SIR,0.927,,1/1/2013,12/31/2013
OK,Surgical Site Infection from colon surgery (SSI: Colon),HAI_3_SIR,1.085,,1/1/2013,12/31/2013
OR,Surgical Site Infection from colon surgery (SSI: Colon),HAI_3_SIR,0.759,,1/1/2013,12/31/2013
PA,Surgical Site Infection from colon surgery (SSI: Colon),HAI_3_SIR,0.917,,1/1/2013,12/31/2013
PR,Surgical Site Infection from colon surgery (SSI: Colon),HAI_3_SIR,Not Available,13 - Results cannot be calculated for this reporting period.,1/1/2013,12/31/2013
RI,Surgical Site Infection from colon surgery (SSI: Colon),HAI_3_SIR,1.274,,1/1/2013,12/31/2013
SC,Surgical Site Infection from colon surgery (SSI: Colon),HAI_3_SIR,0.977,,1/1/2013,12/31/2013
SD,Surgical Site Infection from colon surgery (SSI: Colon),HAI_3_SIR,1,,1/1/2013,12/31/2013
TN,Surgical Site Infection from colon surgery (SSI: Colon),HAI_3_SIR,0.941,,1/1/2013,12/31/2013
TX,Surgical Site Infection from colon surgery (SSI: Colon),HAI_3_SIR,0.79,,1/1/2013,12/31/2013
UT,Surgical Site Infection from colon surgery (SSI: Colon),HAI_3_SIR,1.442,,1/1/2013,12/31/2013
VA,Surgical Site Infection from colon surgery (SSI: Colon),HAI_3_SIR,0.981,,1/1/2013,12/31/2013
VI,Surgical Site Infection from colon surgery (SSI: Colon),HAI_3_SIR,Not Available,13 - Results cannot be calculated for this reporting period.,1/1/2013,12/31/2013
VT,Surgical Site Infection from colon surgery (SSI: Colon),HAI_3_SIR,2.055,,1/1/2013,12/31/2013
WA,Surgical Site Infection from colon surgery (SSI: Colon),HAI_3_SIR,0.999,,1/1/2013,12/31/2013
WI,Surgical Site Infection from colon surgery (SSI: Colon),HAI_3_SIR,0.937,,1/1/2013,12/31/2013
WV,Surgical Site Infection from colon surgery (SSI: Colon),HAI_3_SIR,0.912,,1/1/2013,12/31/2013
WY,Surgical Site Infection from colon surgery (SSI: Colon),HAI_3_SIR,0.529,,1/1/2013,12/31/2013
AK,SSI: Colon Upper Confidence Limit,HAI_3_CI_UPPER,1.372,,1/1/2013,12/31/2013
AL,SSI: Colon Upper Confidence Limit,HAI_3_CI_UPPER,0.596,,1/1/2013,12/31/2013
AR,SSI: Colon Upper Confidence Limit,HAI_3_CI_UPPER,0.988,,1/1/2013,12/31/2013
AS,SSI: Colon Upper Confidence Limit,HAI_3_CI_UPPER,Not Available,13 - Results cannot be calculated for this reporting period.,1/1/2013,12/31/2013
AZ,SSI: Colon Upper Confidence Limit,HAI_3_CI_UPPER,1.338,,1/1/2013,12/31/2013
CA,SSI: Colon Upper Confidence Limit,HAI_3_CI_UPPER,0.96,,1/1/2013,12/31/2013
CO,SSI: Colon Upper Confidence Limit,HAI_3_CI_UPPER,0.925,,1/1/2013,12/31/2013
CT,SSI: Colon Upper Confidence Limit,HAI_3_CI_UPPER,1.464,,1/1/2013,12/31/2013
DC,SSI: Colon Upper Confidence Limit,HAI_3_CI_UPPER,1.166,,1/1/2013,12/31/2013
DE,SSI: Colon Upper Confidence Limit,HAI_3_CI_UPPER,1.071,,1/1/2013,12/31/2013
FL,SSI: Colon Upper Confidence Limit,HAI_3_CI_UPPER,0.874,,1/1/2013,12/31/2013
GA,SSI: Colon Upper Confidence Limit,HAI_3_CI_UPPER,0.97,,1/1/2013,12/31/2013
GU,SSI: Colon Upper Confidence Limit,HAI_3_CI_UPPER,Not Available,13 - Results cannot be calculated for this reporting period.,1/1/2013,12/31/2013
HI,SSI: Colon Upper Confidence Limit,HAI_3_CI_UPPER,1.67,,1/1/2013,12/31/2013
IA,SSI: Colon Upper Confidence Limit,HAI_3_CI_UPPER,1.443,,1/1/2013,12/31/2013
ID,SSI: Colon Upper Confidence Limit,HAI_3_CI_UPPER,1.469,,1/1/2013,12/31/2013
IL,SSI: Colon Upper Confidence Limit,HAI_3_CI_UPPER,0.953,,1/1/2013,12/31/2013
IN,SSI: Colon Upper Confidence Limit,HAI_3_CI_UPPER,1.265,,1/1/2013,12/31/2013
KS,SSI: Colon Upper Confidence Limit,HAI_3_CI_UPPER,1.62,,1/1/2013,12/31/2013
KY,SSI: Colon Upper Confidence Limit,HAI_3_CI_UPPER,0.968,,1/1/2013,12/31/2013
LA,SSI: Colon Upper Confidence Limit,HAI_3_CI_UPPER,1.183,,1/1/2013,12/31/2013
MA,SSI: Colon Upper Confidence Limit,HAI_3_CI_UPPER,1.394,,1/1/2013,12/31/2013
MD,SSI: Colon Upper Confidence Limit,HAI_3_CI_UPPER,1.313,,1/1/2013,12/31/2013
ME,SSI: Colon Upper Confidence Limit,HAI_3_CI_UPPER,1.632,,1/1/2013,12/31/2013
MI,SSI: Colon Upper Confidence Limit,HAI_3_CI_UPPER,1.118,,1/1/2013,12/31/2013
MN,SSI: Colon Upper Confidence Limit,HAI_3_CI_UPPER,1.472,,1/1/2013,12/31/2013
MO,SSI: Colon Upper Confidence Limit,HAI_3_CI_UPPER,0.8,,1/1/2013,12/31/2013
MP,SSI: Colon Upper Confidence Limit,HAI_3_CI_UPPER,Not Available,13 - Results cannot be calculated for this reporting period.,1/1/2013,12/31/2013
MS,SSI: Colon Upper Confidence Limit,HAI_3_CI_UPPER,0.943,,1/1/2013,12/31/2013
MT,SSI: Colon Upper Confidence Limit,HAI_3_CI_UPPER,1.282,,1/1/2013,12/31/2013
NC,SSI: Colon Upper Confidence Limit,HAI_3_CI_UPPER,1.038,,1/1/2013,12/31/2013
ND,SSI: Colon Upper Confidence Limit,HAI_3_CI_UPPER,1.561,,1/1/2013,12/31/2013
NE,SSI: Colon Upper Confidence Limit,HAI_3_CI_UPPER,1.659,,1/1/2013,12/31/2013
NH,SSI: Colon Upper Confidence Limit,HAI_3_CI_UPPER,1.296,,1/1/2013,12/31/2013
NJ,SSI: Colon Upper Confidence Limit,HAI_3_CI_UPPER,0.98,,1/1/2013,12/31/2013
NM,SSI: Colon Upper Confidence Limit,HAI_3_CI_UPPER,1.083,,1/1/2013,12/31/2013
NV,SSI: Colon Upper Confidence Limit,HAI_3_CI_UPPER,1.337,,1/1/2013,12/31/2013
NY,SSI: Colon Upper Confidence Limit,HAI_3_CI_UPPER,1.349,,1/1/2013,12/31/2013
OH,SSI: Colon Upper Confidence Limit,HAI_3_CI_UPPER,1.019,,1/1/2013,12/31/2013
OK,SSI: Colon Upper Confidence Limit,HAI_3_CI_UPPER,1.28,,1/1/2013,12/31/2013
OR,SSI: Colon Upper Confidence Limit,HAI_3_CI_UPPER,0.925,,1/1/2013,12/31/2013
PA,SSI: Colon Upper Confidence Limit,HAI_3_CI_UPPER,1.004,,1/1/2013,12/31/2013
PR,SSI: Colon Upper Confidence Limit,HAI_3_CI_UPPER,Not Available,13 - Results cannot be calculated for this reporting period.,1/1/2013,12/31/2013
RI,SSI: Colon Upper Confidence Limit,HAI_3_CI_UPPER,1.731,,1/1/2013,12/31/2013
SC,SSI: Colon Upper Confidence Limit,HAI_3_CI_UPPER,1.151,,1/1/2013,12/31/2013
SD,SSI: Colon Upper Confidence Limit,HAI_3_CI_UPPER,1.418,,1/1/2013,12/31/2013
TN,SSI: Colon Upper Confidence Limit,HAI_3_CI_UPPER,1.072,,1/1/2013,12/31/2013
TX,SSI: Colon Upper Confidence Limit,HAI_3_CI_UPPER,0.861,,1/1/2013,12/31/2013
UT,SSI: Colon Upper Confidence Limit,HAI_3_CI_UPPER,1.762,,1/1/2013,12/31/2013
VA,SSI: Colon Upper Confidence Limit,HAI_3_CI_UPPER,1.118,,1/1/2013,12/31/2013
VI,SSI: Colon Upper Confidence Limit,HAI_3_CI_UPPER,Not Available,13 - Results cannot be calculated for this reporting period.,1/1/2013,12/31/2013
VT,SSI: Colon Upper Confidence Limit,HAI_3_CI_UPPER,2.968,,1/1/2013,12/31/2013
WA,SSI: Colon Upper Confidence Limit,HAI_3_CI_UPPER,1.162,,1/1/2013,12/31/2013
WI,SSI: Colon Upper Confidence Limit,HAI_3_CI_UPPER,1.086,,1/1/2013,12/31/2013
WV,SSI: Colon Upper Confidence Limit,HAI_3_CI_UPPER,1.159,,1/1/2013,12/31/2013
WY,SSI: Colon Upper Confidence Limit,HAI_3_CI_UPPER,1.172,,1/1/2013,12/31/2013
AK,SSI: Colon Lower Confidence Limit,HAI_3_CI_LOWER,0.527,,1/1/2013,12/31/2013
AL,SSI: Colon Lower Confidence Limit,HAI_3_CI_LOWER,0.396,,1/1/2013,12/31/2013
AR,SSI: Colon Lower Confidence Limit,HAI_3_CI_LOWER,0.626,,1/1/2013,12/31/2013
AS,SSI: Colon Lower Confidence Limit,HAI_3_CI_LOWER,Not Available,13 - Results cannot be calculated for this reporting period.,1/1/2013,12/31/2013
AZ,SSI: Colon Lower Confidence Limit,HAI_3_CI_LOWER,1.03,,1/1/2013,12/31/2013
CA,SSI: Colon Lower Confidence Limit,HAI_3_CI_LOWER,0.831,,1/1/2013,12/31/2013
CO,SSI: Colon Lower Confidence Limit,HAI_3_CI_LOWER,0.629,,1/1/2013,12/31/2013
CT,SSI: Colon Lower Confidence Limit,HAI_3_CI_LOWER,1.047,,1/1/2013,12/31/2013
DC,SSI: Colon Lower Confidence Limit,HAI_3_CI_LOWER,0.522,,1/1/2013,12/31/2013
DE,SSI: Colon Lower Confidence Limit,HAI_3_CI_LOWER,0.502,,1/1/2013,12/31/2013
FL,SSI: Colon Lower Confidence Limit,HAI_3_CI_LOWER,0.737,,1/1/2013,12/31/2013
GA,SSI: Colon Lower Confidence Limit,HAI_3_CI_LOWER,0.759,,1/1/2013,12/31/2013
GU,SSI: Colon Lower Confidence Limit,HAI_3_CI_LOWER,Not Available,13 - Results cannot be calculated for this reporting period.,1/1/2013,12/31/2013
HI,SSI: Colon Lower Confidence Limit,HAI_3_CI_LOWER,0.859,,1/1/2013,12/31/2013
IA,SSI: Colon Lower Confidence Limit,HAI_3_CI_LOWER,0.984,,1/1/2013,12/31/2013
ID,SSI: Colon Lower Confidence Limit,HAI_3_CI_LOWER,0.783,,1/1/2013,12/31/2013
IL,SSI: Colon Lower Confidence Limit,HAI_3_CI_LOWER,0.762,,1/1/2013,12/31/2013
IN,SSI: Colon Lower Confidence Limit,HAI_3_CI_LOWER,0.98,,1/1/2013,12/31/2013
KS,SSI: Colon Lower Confidence Limit,HAI_3_CI_LOWER,1.122,,1/1/2013,12/31/2013
KY,SSI: Colon Lower Confidence Limit,HAI_3_CI_LOWER,0.694,,1/1/2013,12/31/2013
LA,SSI: Colon Lower Confidence Limit,HAI_3_CI_LOWER,0.856,,1/1/2013,12/31/2013
MA,SSI: Colon Lower Confidence Limit,HAI_3_CI_LOWER,1.089,,1/1/2013,12/31/2013
MD,SSI: Colon Lower Confidence Limit,HAI_3_CI_LOWER,0.766,,1/1/2013,12/31/2013
ME,SSI: Colon Lower Confidence Limit,HAI_3_CI_LOWER,0.931,,1/1/2013,12/31/2013
MI,SSI: Colon Lower Confidence Limit,HAI_3_CI_LOWER,0.9,,1/1/2013,12/31/2013
MN,SSI: Colon Lower Confidence Limit,HAI_3_CI_LOWER,1.107,,1/1/2013,12/31/2013
MO,SSI: Colon Lower Confidence Limit,HAI_3_CI_LOWER,0.589,,1/1/2013,12/31/2013
MP,SSI: Colon Lower Confidence Limit,HAI_3_CI_LOWER,Not Available,13 - Results cannot be calculated for this reporting period.,1/1/2013,12/31/2013
MS,SSI: Colon Lower Confidence Limit,HAI_3_CI_LOWER,0.586,,1/1/2013,12/31/2013
MT,SSI: Colon Lower Confidence Limit,HAI_3_CI_LOWER,0.564,,1/1/2013,12/31/2013
NC,SSI: Colon Lower Confidence Limit,HAI_3_CI_LOWER,0.818,,1/1/2013,12/31/2013
ND,SSI: Colon Lower Confidence Limit,HAI_3_CI_LOWER,0.698,,1/1/2013,12/31/2013
NE,SSI: Colon Lower Confidence Limit,HAI_3_CI_LOWER,1.048,,1/1/2013,12/31/2013
NH,SSI: Colon Lower Confidence Limit,HAI_3_CI_LOWER,0.685,,1/1/2013,12/31/2013
NJ,SSI: Colon Lower Confidence Limit,HAI_3_CI_LOWER,0.751,,1/1/2013,12/31/2013
NM,SSI: Colon Lower Confidence Limit,HAI_3_CI_LOWER,0.528,,1/1/2013,12/31/2013
NV,SSI: Colon Lower Confidence Limit,HAI_3_CI_LOWER,0.831,,1/1/2013,12/31/2013
NY,SSI: Colon Lower Confidence Limit,HAI_3_CI_LOWER,1.157,,1/1/2013,12/31/2013
OH,SSI: Colon Lower Confidence Limit,HAI_3_CI_LOWER,0.841,,1/1/2013,12/31/2013
OK,SSI: Colon Lower Confidence Limit,HAI_3_CI_LOWER,0.912,,1/1/2013,12/31/2013
OR,SSI: Colon Lower Confidence Limit,HAI_3_CI_LOWER,0.616,,1/1/2013,12/31/2013
PA,SSI: Colon Lower Confidence Limit,HAI_3_CI_LOWER,0.836,,1/1/2013,12/31/2013
PR,SSI: Colon Lower Confidence Limit,HAI_3_CI_LOWER,Not Available,13 - Results cannot be calculated for this reporting period.,1/1/2013,12/31/2013
RI,SSI: Colon Lower Confidence Limit,HAI_3_CI_LOWER,0.915,,1/1/2013,12/31/2013
SC,SSI: Colon Lower Confidence Limit,HAI_3_CI_LOWER,0.824,,1/1/2013,12/31/2013
SD,SSI: Colon Lower Confidence Limit,HAI_3_CI_LOWER,0.682,,1/1/2013,12/31/2013
TN,SSI: Colon Lower Confidence Limit,HAI_3_CI_LOWER,0.823,,1/1/2013,12/31/2013
TX,SSI: Colon Lower Confidence Limit,HAI_3_CI_LOWER,0.724,,1/1/2013,12/31/2013
UT,SSI: Colon Lower Confidence Limit,HAI_3_CI_LOWER,1.167,,1/1/2013,12/31/2013
VA,SSI: Colon Lower Confidence Limit,HAI_3_CI_LOWER,0.856,,1/1/2013,12/31/2013
VI,SSI: Colon Lower Confidence Limit,HAI_3_CI_LOWER,Not Available,13 - Results cannot be calculated for this reporting period.,1/1/2013,12/31/2013
VT,SSI: Colon Lower Confidence Limit,HAI_3_CI_LOWER,1.371,,1/1/2013,12/31/2013
WA,SSI: Colon Lower Confidence Limit,HAI_3_CI_LOWER,0.855,,1/1/2013,12/31/2013
WI,SSI: Colon Lower Confidence Limit,HAI_3_CI_LOWER,0.803,,1/1/2013,12/31/2013
WV,SSI: Colon Lower Confidence Limit,HAI_3_CI_LOWER,0.706,,1/1/2013,12/31/2013
WY,SSI: Colon Lower Confidence Limit,HAI_3_CI_LOWER,0.194,,1/1/2013,12/31/2013
AK,Surgical Site Infection from abdominal hysterectomy (SSI: Hysterectomy),HAI_4_SIR,0.441,,1/1/2013,12/31/2013
AL,Surgical Site Infection from abdominal hysterectomy (SSI: Hysterectomy),HAI_4_SIR,0.513,,1/1/2013,12/31/2013
AR,Surgical Site Infection from abdominal hysterectomy (SSI: Hysterectomy),HAI_4_SIR,0.987,,1/1/2013,12/31/2013
AS,Surgical Site Infection from abdominal hysterectomy (SSI: Hysterectomy),HAI_4_SIR,Not Available,13 - Results cannot be calculated for this reporting period.,1/1/2013,12/31/2013
AZ,Surgical Site Infection from abdominal hysterectomy (SSI: Hysterectomy),HAI_4_SIR,1.181,,1/1/2013,12/31/2013
CA,Surgical Site Infection from abdominal hysterectomy (SSI: Hysterectomy),HAI_4_SIR,0.849,,1/1/2013,12/31/2013
CO,Surgical Site Infection from abdominal hysterectomy (SSI: Hysterectomy),HAI_4_SIR,1.083,,1/1/2013,12/31/2013
CT,Surgical Site Infection from abdominal hysterectomy (SSI: Hysterectomy),HAI_4_SIR,1.763,,1/1/2013,12/31/2013
DC,Surgical Site Infection from abdominal hysterectomy (SSI: Hysterectomy),HAI_4_SIR,1.239,,1/1/2013,12/31/2013
DE,Surgical Site Infection from abdominal hysterectomy (SSI: Hysterectomy),HAI_4_SIR,0.866,,1/1/2013,12/31/2013
FL,Surgical Site Infection from abdominal hysterectomy (SSI: Hysterectomy),HAI_4_SIR,0.888,,1/1/2013,12/31/2013
GA,Surgical Site Infection from abdominal hysterectomy (SSI: Hysterectomy),HAI_4_SIR,1.004,,1/1/2013,12/31/2013
GU,Surgical Site Infection from abdominal hysterectomy (SSI: Hysterectomy),HAI_4_SIR,Not Available,13 - Results cannot be calculated for this reporting period.,1/1/2013,12/31/2013
HI,Surgical Site Infection from abdominal hysterectomy (SSI: Hysterectomy),HAI_4_SIR,0.181,,1/1/2013,12/31/2013
IA,Surgical Site Infection from abdominal hysterectomy (SSI: Hysterectomy),HAI_4_SIR,0.917,,1/1/2013,12/31/2013
ID,Surgical Site Infection from abdominal hysterectomy (SSI: Hysterectomy),HAI_4_SIR,1.307,,1/1/2013,12/31/2013
IL,Surgical Site Infection from abdominal hysterectomy (SSI: Hysterectomy),HAI_4_SIR,0.661,,1/1/2013,12/31/2013
IN,Surgical Site Infection from abdominal hysterectomy (SSI: Hysterectomy),HAI_4_SIR,0.903,,1/1/2013,12/31/2013
KS,Surgical Site Infection from abdominal hysterectomy (SSI: Hysterectomy),HAI_4_SIR,0.51,,1/1/2013,12/31/2013
KY,Surgical Site Infection from abdominal hysterectomy (SSI: Hysterectomy),HAI_4_SIR,0.965,,1/1/2013,12/31/2013
LA,Surgical Site Infection from abdominal hysterectomy (SSI: Hysterectomy),HAI_4_SIR,1.022,,1/1/2013,12/31/2013
MA,Surgical Site Infection from abdominal hysterectomy (SSI: Hysterectomy),HAI_4_SIR,1.16,,1/1/2013,12/31/2013
MD,Surgical Site Infection from abdominal hysterectomy (SSI: Hysterectomy),HAI_4_SIR,1.243,,1/1/2013,12/31/2013
ME,Surgical Site Infection from abdominal hysterectomy (SSI: Hysterectomy),HAI_4_SIR,1.313,,1/1/2013,12/31/2013
MI,Surgical Site Infection from abdominal hysterectomy (SSI: Hysterectomy),HAI_4_SIR,1.307,,1/1/2013,12/31/2013
MN,Surgical Site Infection from abdominal hysterectomy (SSI: Hysterectomy),HAI_4_SIR,1.151,,1/1/2013,12/31/2013
MO,Surgical Site Infection from abdominal hysterectomy (SSI: Hysterectomy),HAI_4_SIR,0.719,,1/1/2013,12/31/2013
MP,Surgical Site Infection from abdominal hysterectomy (SSI: Hysterectomy),HAI_4_SIR,Not Available,13 - Results cannot be calculated for this reporting period.,1/1/2013,12/31/2013
MS,Surgical Site Infection from abdominal hysterectomy (SSI: Hysterectomy),HAI_4_SIR,0.794,,1/1/2013,12/31/2013
MT,Surgical Site Infection from abdominal hysterectomy (SSI: Hysterectomy),HAI_4_SIR,0.866,,1/1/2013,12/31/2013
NC,Surgical Site Infection from abdominal hysterectomy (SSI: Hysterectomy),HAI_4_SIR,0.83,,1/1/2013,12/31/2013
ND,Surgical Site Infection from abdominal hysterectomy (SSI: Hysterectomy),HAI_4_SIR,1.459,,1/1/2013,12/31/2013
NE,Surgical Site Infection from abdominal hysterectomy (SSI: Hysterectomy),HAI_4_SIR,0.657,,1/1/2013,12/31/2013
NH,Surgical Site Infection from abdominal hysterectomy (SSI: Hysterectomy),HAI_4_SIR,1.012,,1/1/2013,12/31/2013
NJ,Surgical Site Infection from abdominal hysterectomy (SSI: Hysterectomy),HAI_4_SIR,0.938,,1/1/2013,12/31/2013
NM,Surgical Site Infection from abdominal hysterectomy (SSI: Hysterectomy),HAI_4_SIR,0.674,,1/1/2013,12/31/2013
NV,Surgical Site Infection from abdominal hysterectomy (SSI: Hysterectomy),HAI_4_SIR,0.72,,1/1/2013,12/31/2013
NY,Surgical Site Infection from abdominal hysterectomy (SSI: Hysterectomy),HAI_4_SIR,1.208,,1/1/2013,12/31/2013
OH,Surgical Site Infection from abdominal hysterectomy (SSI: Hysterectomy),HAI_4_SIR,0.695,,1/1/2013,12/31/2013
OK,Surgical Site Infection from abdominal hysterectomy (SSI: Hysterectomy),HAI_4_SIR,0.441,,1/1/2013,12/31/2013
OR,Surgical Site Infection from abdominal hysterectomy (SSI: Hysterectomy),HAI_4_SIR,1.038,,1/1/2013,12/31/2013
PA,Surgical Site Infection from abdominal hysterectomy (SSI: Hysterectomy),HAI_4_SIR,0.979,,1/1/2013,12/31/2013
PR,Surgical Site Infection from abdominal hysterectomy (SSI: Hysterectomy),HAI_4_SIR,Not Available,13 - Results cannot be calculated for this reporting period.,1/1/2013,12/31/2013
RI,Surgical Site Infection from abdominal hysterectomy (SSI: Hysterectomy),HAI_4_SIR,0.696,,1/1/2013,12/31/2013
SC,Surgical Site Infection from abdominal hysterectomy (SSI: Hysterectomy),HAI_4_SIR,0.801,,1/1/2013,12/31/2013
SD,Surgical Site Infection from abdominal hysterectomy (SSI: Hysterectomy),HAI_4_SIR,1.536,,1/1/2013,12/31/2013
TN,Surgical Site Infection from abdominal hysterectomy (SSI: Hysterectomy),HAI_4_SIR,0.812,,1/1/2013,12/31/2013
TX,Surgical Site Infection from abdominal hysterectomy (SSI: Hysterectomy),HAI_4_SIR,0.785,,1/1/2013,12/31/2013
UT,Surgical Site Infection from abdominal hysterectomy (SSI: Hysterectomy),HAI_4_SIR,1.328,,1/1/2013,12/31/2013
VA,Surgical Site Infection from abdominal hysterectomy (SSI: Hysterectomy),HAI_4_SIR,0.814,,1/1/2013,12/31/2013
VI,Surgical Site Infection from abdominal hysterectomy (SSI: Hysterectomy),HAI_4_SIR,Not Available,13 - Results cannot be calculated for this reporting period.,1/1/2013,12/31/2013
VT,Surgical Site Infection from abdominal hysterectomy (SSI: Hysterectomy),HAI_4_SIR,0.994,,1/1/2013,12/31/2013
WA,Surgical Site Infection from abdominal hysterectomy (SSI: Hysterectomy),HAI_4_SIR,0.874,,1/1/2013,12/31/2013
WI,Surgical Site Infection from abdominal hysterectomy (SSI: Hysterectomy),HAI_4_SIR,0.993,,1/1/2013,12/31/2013
WV,Surgical Site Infection from abdominal hysterectomy (SSI: Hysterectomy),HAI_4_SIR,0.922,,1/1/2013,12/31/2013
WY,Surgical Site Infection from abdominal hysterectomy (SSI: Hysterectomy),HAI_4_SIR,1.01,,1/1/2013,12/31/2013
AK,SSI: Abdominal Upper Confidence Limit,HAI_4_CI_UPPER,1.458,,1/1/2013,12/31/2013
AL,SSI: Abdominal Upper Confidence Limit,HAI_4_CI_UPPER,0.7,,1/1/2013,12/31/2013
AR,SSI: Abdominal Upper Confidence Limit,HAI_4_CI_UPPER,1.407,,1/1/2013,12/31/2013
AS,SSI: Abdominal Upper Confidence Limit,HAI_4_CI_UPPER,Not Available,13 - Results cannot be calculated for this reporting period.,1/1/2013,12/31/2013
AZ,SSI: Abdominal Upper Confidence Limit,HAI_4_CI_UPPER,1.481,,1/1/2013,12/31/2013
CA,SSI: Abdominal Upper Confidence Limit,HAI_4_CI_UPPER,0.973,,1/1/2013,12/31/2013
CO,SSI: Abdominal Upper Confidence Limit,HAI_4_CI_UPPER,1.503,,1/1/2013,12/31/2013
CT,SSI: Abdominal Upper Confidence Limit,HAI_4_CI_UPPER,2.254,,1/1/2013,12/31/2013
DC,SSI: Abdominal Upper Confidence Limit,HAI_4_CI_UPPER,2.208,,1/1/2013,12/31/2013
DE,SSI: Abdominal Upper Confidence Limit,HAI_4_CI_UPPER,1.543,,1/1/2013,12/31/2013
FL,SSI: Abdominal Upper Confidence Limit,HAI_4_CI_UPPER,1.045,,1/1/2013,12/31/2013
GA,SSI: Abdominal Upper Confidence Limit,HAI_4_CI_UPPER,1.199,,1/1/2013,12/31/2013
GU,SSI: Abdominal Upper Confidence Limit,HAI_4_CI_UPPER,Not Available,13 - Results cannot be calculated for this reporting period.,1/1/2013,12/31/2013
HI,SSI: Abdominal Upper Confidence Limit,HAI_4_CI_UPPER,0.894,,1/1/2013,12/31/2013
IA,SSI: Abdominal Upper Confidence Limit,HAI_4_CI_UPPER,1.406,,1/1/2013,12/31/2013
ID,SSI: Abdominal Upper Confidence Limit,HAI_4_CI_UPPER,2.399,,1/1/2013,12/31/2013
IL,SSI: Abdominal Upper Confidence Limit,HAI_4_CI_UPPER,0.831,,1/1/2013,12/31/2013
IN,SSI: Abdominal Upper Confidence Limit,HAI_4_CI_UPPER,1.157,,1/1/2013,12/31/2013
KS,SSI: Abdominal Upper Confidence Limit,HAI_4_CI_UPPER,0.867,,1/1/2013,12/31/2013
KY,SSI: Abdominal Upper Confidence Limit,HAI_4_CI_UPPER,1.246,,1/1/2013,12/31/2013
LA,SSI: Abdominal Upper Confidence Limit,HAI_4_CI_UPPER,1.326,,1/1/2013,12/31/2013
MA,SSI: Abdominal Upper Confidence Limit,HAI_4_CI_UPPER,1.51,,1/1/2013,12/31/2013
MD,SSI: Abdominal Upper Confidence Limit,HAI_4_CI_UPPER,1.906,,1/1/2013,12/31/2013
ME,SSI: Abdominal Upper Confidence Limit,HAI_4_CI_UPPER,2.409,,1/1/2013,12/31/2013
MI,SSI: Abdominal Upper Confidence Limit,HAI_4_CI_UPPER,1.574,,1/1/2013,12/31/2013
MN,SSI: Abdominal Upper Confidence Limit,HAI_4_CI_UPPER,1.541,,1/1/2013,12/31/2013
MO,SSI: Abdominal Upper Confidence Limit,HAI_4_CI_UPPER,0.941,,1/1/2013,12/31/2013
MP,SSI: Abdominal Upper Confidence Limit,HAI_4_CI_UPPER,Not Available,13 - Results cannot be calculated for this reporting period.,1/1/2013,12/31/2013
MS,SSI: Abdominal Upper Confidence Limit,HAI_4_CI_UPPER,1.102,,1/1/2013,12/31/2013
MT,SSI: Abdominal Upper Confidence Limit,HAI_4_CI_UPPER,1.919,,1/1/2013,12/31/2013
NC,SSI: Abdominal Upper Confidence Limit,HAI_4_CI_UPPER,1.03,,1/1/2013,12/31/2013
ND,SSI: Abdominal Upper Confidence Limit,HAI_4_CI_UPPER,2.677,,1/1/2013,12/31/2013
NE,SSI: Abdominal Upper Confidence Limit,HAI_4_CI_UPPER,1.117,,1/1/2013,12/31/2013
NH,SSI: Abdominal Upper Confidence Limit,HAI_4_CI_UPPER,1.922,,1/1/2013,12/31/2013
NJ,SSI: Abdominal Upper Confidence Limit,HAI_4_CI_UPPER,1.184,,1/1/2013,12/31/2013
NM,SSI: Abdominal Upper Confidence Limit,HAI_4_CI_UPPER,1.238,,1/1/2013,12/31/2013
NV,SSI: Abdominal Upper Confidence Limit,HAI_4_CI_UPPER,1.13,,1/1/2013,12/31/2013
NY,SSI: Abdominal Upper Confidence Limit,HAI_4_CI_UPPER,1.391,,1/1/2013,12/31/2013
OH,SSI: Abdominal Upper Confidence Limit,HAI_4_CI_UPPER,0.849,,1/1/2013,12/31/2013
OK,SSI: Abdominal Upper Confidence Limit,HAI_4_CI_UPPER,0.692,,1/1/2013,12/31/2013
OR,SSI: Abdominal Upper Confidence Limit,HAI_4_CI_UPPER,1.471,,1/1/2013,12/31/2013
PA,SSI: Abdominal Upper Confidence Limit,HAI_4_CI_UPPER,1.162,,1/1/2013,12/31/2013
PR,SSI: Abdominal Upper Confidence Limit,HAI_4_CI_UPPER,Not Available,13 - Results cannot be calculated for this reporting period.,1/1/2013,12/31/2013
RI,SSI: Abdominal Upper Confidence Limit,HAI_4_CI_UPPER,1.377,,1/1/2013,12/31/2013
SC,SSI: Abdominal Upper Confidence Limit,HAI_4_CI_UPPER,1.066,,1/1/2013,12/31/2013
SD,SSI: Abdominal Upper Confidence Limit,HAI_4_CI_UPPER,2.669,,1/1/2013,12/31/2013
TN,SSI: Abdominal Upper Confidence Limit,HAI_4_CI_UPPER,1.028,,1/1/2013,12/31/2013
TX,SSI: Abdominal Upper Confidence Limit,HAI_4_CI_UPPER,0.9,,1/1/2013,12/31/2013
UT,SSI: Abdominal Upper Confidence Limit,HAI_4_CI_UPPER,1.862,,1/1/2013,12/31/2013
VA,SSI: Abdominal Upper Confidence Limit,HAI_4_CI_UPPER,1.044,,1/1/2013,12/31/2013
VI,SSI: Abdominal Upper Confidence Limit,HAI_4_CI_UPPER,Not Available,13 - Results cannot be calculated for this reporting period.,1/1/2013,12/31/2013
VT,SSI: Abdominal Upper Confidence Limit,HAI_4_CI_UPPER,2.398,,1/1/2013,12/31/2013
WA,SSI: Abdominal Upper Confidence Limit,HAI_4_CI_UPPER,1.167,,1/1/2013,12/31/2013
WI,SSI: Abdominal Upper Confidence Limit,HAI_4_CI_UPPER,1.309,,1/1/2013,12/31/2013
WV,SSI: Abdominal Upper Confidence Limit,HAI_4_CI_UPPER,1.386,,1/1/2013,12/31/2013
WY,SSI: Abdominal Upper Confidence Limit,HAI_4_CI_UPPER,2.749,,1/1/2013,12/31/2013
AK,SSI: Abdominal Lower Confidence Limit,HAI_4_CI_LOWER,0.074,,1/1/2013,12/31/2013
AL,SSI: Abdominal Lower Confidence Limit,HAI_4_CI_LOWER,0.367,,1/1/2013,12/31/2013
AR,SSI: Abdominal Lower Confidence Limit,HAI_4_CI_LOWER,0.668,,1/1/2013,12/31/2013
AS,SSI: Abdominal Lower Confidence Limit,HAI_4_CI_LOWER,Not Available,13 - Results cannot be calculated for this reporting period.,1/1/2013,12/31/2013
AZ,SSI: Abdominal Lower Confidence Limit,HAI_4_CI_LOWER,0.929,,1/1/2013,12/31/2013
CA,SSI: Abdominal Lower Confidence Limit,HAI_4_CI_LOWER,0.736,,1/1/2013,12/31/2013
CO,SSI: Abdominal Lower Confidence Limit,HAI_4_CI_LOWER,0.758,,1/1/2013,12/31/2013
CT,SSI: Abdominal Lower Confidence Limit,HAI_4_CI_LOWER,1.357,,1/1/2013,12/31/2013
DC,SSI: Abdominal Lower Confidence Limit,HAI_4_CI_LOWER,0.629,,1/1/2013,12/31/2013
DE,SSI: Abdominal Lower Confidence Limit,HAI_4_CI_LOWER,0.44,,1/1/2013,12/31/2013
FL,SSI: Abdominal Lower Confidence Limit,HAI_4_CI_LOWER,0.75,,1/1/2013,12/31/2013
GA,SSI: Abdominal Lower Confidence Limit,HAI_4_CI_LOWER,0.834,,1/1/2013,12/31/2013
GU,SSI: Abdominal Lower Confidence Limit,HAI_4_CI_LOWER,Not Available,13 - Results cannot be calculated for this reporting period.,1/1/2013,12/31/2013
HI,SSI: Abdominal Lower Confidence Limit,HAI_4_CI_LOWER,0.009,,1/1/2013,12/31/2013
IA,SSI: Abdominal Lower Confidence Limit,HAI_4_CI_LOWER,0.569,,1/1/2013,12/31/2013
ID,SSI: Abdominal Lower Confidence Limit,HAI_4_CI_LOWER,0.637,,1/1/2013,12/31/2013
IL,SSI: Abdominal Lower Confidence Limit,HAI_4_CI_LOWER,0.518,,1/1/2013,12/31/2013
IN,SSI: Abdominal Lower Confidence Limit,HAI_4_CI_LOWER,0.694,,1/1/2013,12/31/2013
KS,SSI: Abdominal Lower Confidence Limit,HAI_4_CI_LOWER,0.276,,1/1/2013,12/31/2013
KY,SSI: Abdominal Lower Confidence Limit,HAI_4_CI_LOWER,0.734,,1/1/2013,12/31/2013
LA,SSI: Abdominal Lower Confidence Limit,HAI_4_CI_LOWER,0.773,,1/1/2013,12/31/2013
MA,SSI: Abdominal Lower Confidence Limit,HAI_4_CI_LOWER,0.875,,1/1/2013,12/31/2013
MD,SSI: Abdominal Lower Confidence Limit,HAI_4_CI_LOWER,0.771,,1/1/2013,12/31/2013
ME,SSI: Abdominal Lower Confidence Limit,HAI_4_CI_LOWER,0.64,,1/1/2013,12/31/2013
MI,SSI: Abdominal Lower Confidence Limit,HAI_4_CI_LOWER,1.075,,1/1/2013,12/31/2013
MN,SSI: Abdominal Lower Confidence Limit,HAI_4_CI_LOWER,0.84,,1/1/2013,12/31/2013
MO,SSI: Abdominal Lower Confidence Limit,HAI_4_CI_LOWER,0.54,,1/1/2013,12/31/2013
MP,SSI: Abdominal Lower Confidence Limit,HAI_4_CI_LOWER,Not Available,13 - Results cannot be calculated for this reporting period.,1/1/2013,12/31/2013
MS,SSI: Abdominal Lower Confidence Limit,HAI_4_CI_LOWER,0.556,,1/1/2013,12/31/2013
MT,SSI: Abdominal Lower Confidence Limit,HAI_4_CI_LOWER,0.317,,1/1/2013,12/31/2013
NC,SSI: Abdominal Lower Confidence Limit,HAI_4_CI_LOWER,0.66,,1/1/2013,12/31/2013
ND,SSI: Abdominal Lower Confidence Limit,HAI_4_CI_LOWER,0.711,,1/1/2013,12/31/2013
NE,SSI: Abdominal Lower Confidence Limit,HAI_4_CI_LOWER,0.356,,1/1/2013,12/31/2013
NH,SSI: Abdominal Lower Confidence Limit,HAI_4_CI_LOWER,0.47,,1/1/2013,12/31/2013
NJ,SSI: Abdominal Lower Confidence Limit,HAI_4_CI_LOWER,0.733,,1/1/2013,12/31/2013
NM,SSI: Abdominal Lower Confidence Limit,HAI_4_CI_LOWER,0.329,,1/1/2013,12/31/2013
NV,SSI: Abdominal Lower Confidence Limit,HAI_4_CI_LOWER,0.433,,1/1/2013,12/31/2013
NY,SSI: Abdominal Lower Confidence Limit,HAI_4_CI_LOWER,1.045,,1/1/2013,12/31/2013
OH,SSI: Abdominal Lower Confidence Limit,HAI_4_CI_LOWER,0.563,,1/1/2013,12/31/2013
OK,SSI: Abdominal Lower Confidence Limit,HAI_4_CI_LOWER,0.266,,1/1/2013,12/31/2013
OR,SSI: Abdominal Lower Confidence Limit,HAI_4_CI_LOWER,0.708,,1/1/2013,12/31/2013
PA,SSI: Abdominal Lower Confidence Limit,HAI_4_CI_LOWER,0.819,,1/1/2013,12/31/2013
PR,SSI: Abdominal Lower Confidence Limit,HAI_4_CI_LOWER,Not Available,13 - Results cannot be calculated for this reporting period.,1/1/2013,12/31/2013
RI,SSI: Abdominal Lower Confidence Limit,HAI_4_CI_LOWER,0.304,,1/1/2013,12/31/2013
SC,SSI: Abdominal Lower Confidence Limit,HAI_4_CI_LOWER,0.589,,1/1/2013,12/31/2013
SD,SSI: Abdominal Lower Confidence Limit,HAI_4_CI_LOWER,0.808,,1/1/2013,12/31/2013
TN,SSI: Abdominal Lower Confidence Limit,HAI_4_CI_LOWER,0.632,,1/1/2013,12/31/2013
TX,SSI: Abdominal Lower Confidence Limit,HAI_4_CI_LOWER,0.681,,1/1/2013,12/31/2013
UT,SSI: Abdominal Lower Confidence Limit,HAI_4_CI_LOWER,0.918,,1/1/2013,12/31/2013
VA,SSI: Abdominal Lower Confidence Limit,HAI_4_CI_LOWER,0.624,,1/1/2013,12/31/2013
VI,SSI: Abdominal Lower Confidence Limit,HAI_4_CI_LOWER,Not Available,13 - Results cannot be calculated for this reporting period.,1/1/2013,12/31/2013
VT,SSI: Abdominal Lower Confidence Limit,HAI_4_CI_LOWER,0.316,,1/1/2013,12/31/2013
WA,SSI: Abdominal Lower Confidence Limit,HAI_4_CI_LOWER,0.641,,1/1/2013,12/31/2013
WI,SSI: Abdominal Lower Confidence Limit,HAI_4_CI_LOWER,0.738,,1/1/2013,12/31/2013
WV,SSI: Abdominal Lower Confidence Limit,HAI_4_CI_LOWER,0.586,,1/1/2013,12/31/2013
WY,SSI: Abdominal Lower Confidence Limit,HAI_4_CI_LOWER,0.257,,1/1/2013,12/31/2013
AK,Methicillin-resistant Staphylococcus Aureus (MRSA) Blood Laboratory-identified Events (Bloodstream infections),HAI_5_SIR,0.203,,1/1/2013,12/31/2013
AL,Methicillin-resistant Staphylococcus Aureus (MRSA) Blood Laboratory-identified Events (Bloodstream infections),HAI_5_SIR,1.423,,1/1/2013,12/31/2013
AR,Methicillin-resistant Staphylococcus Aureus (MRSA) Blood Laboratory-identified Events (Bloodstream infections),HAI_5_SIR,1.167,,1/1/2013,12/31/2013
AS,Methicillin-resistant Staphylococcus Aureus (MRSA) Blood Laboratory-identified Events (Bloodstream infections),HAI_5_SIR,Not Available,12 - This measure does not apply to this hospital for this reporting period.,1/1/2013,12/31/2013
AZ,Methicillin-resistant Staphylococcus Aureus (MRSA) Blood Laboratory-identified Events (Bloodstream infections),HAI_5_SIR,0.987,,1/1/2013,12/31/2013
CA,Methicillin-resistant Staphylococcus Aureus (MRSA) Blood Laboratory-identified Events (Bloodstream infections),HAI_5_SIR,0.74,,1/1/2013,12/31/2013
CO,Methicillin-resistant Staphylococcus Aureus (MRSA) Blood Laboratory-identified Events (Bloodstream infections),HAI_5_SIR,0.754,,1/1/2013,12/31/2013
CT,Methicillin-resistant Staphylococcus Aureus (MRSA) Blood Laboratory-identified Events (Bloodstream infections),HAI_5_SIR,0.783,,1/1/2013,12/31/2013
DC,Methicillin-resistant Staphylococcus Aureus (MRSA) Blood Laboratory-identified Events (Bloodstream infections),HAI_5_SIR,1.602,,1/1/2013,12/31/2013
DE,Methicillin-resistant Staphylococcus Aureus (MRSA) Blood Laboratory-identified Events (Bloodstream infections),HAI_5_SIR,1.149,,1/1/2013,12/31/2013
FL,Methicillin-resistant Staphylococcus Aureus (MRSA) Blood Laboratory-identified Events (Bloodstream infections),HAI_5_SIR,1.124,,1/1/2013,12/31/2013
GA,Methicillin-resistant Staphylococcus Aureus (MRSA) Blood Laboratory-identified Events (Bloodstream infections),HAI_5_SIR,1.048,,1/1/2013,12/31/2013
GU,Methicillin-resistant Staphylococcus Aureus (MRSA) Blood Laboratory-identified Events (Bloodstream infections),HAI_5_SIR,Not Available,12 - This measure does not apply to this hospital for this reporting period.,1/1/2013,12/31/2013
HI,Methicillin-resistant Staphylococcus Aureus (MRSA) Blood Laboratory-identified Events (Bloodstream infections),HAI_5_SIR,0.576,,1/1/2013,12/31/2013
IA,Methicillin-resistant Staphylococcus Aureus (MRSA) Blood Laboratory-identified Events (Bloodstream infections),HAI_5_SIR,0.441,,1/1/2013,12/31/2013
ID,Methicillin-resistant Staphylococcus Aureus (MRSA) Blood Laboratory-identified Events (Bloodstream infections),HAI_5_SIR,0.497,,1/1/2013,12/31/2013
IL,Methicillin-resistant Staphylococcus Aureus (MRSA) Blood Laboratory-identified Events (Bloodstream infections),HAI_5_SIR,0.703,,1/1/2013,12/31/2013
IN,Methicillin-resistant Staphylococcus Aureus (MRSA) Blood Laboratory-identified Events (Bloodstream infections),HAI_5_SIR,0.813,,1/1/2013,12/31/2013
KS,Methicillin-resistant Staphylococcus Aureus (MRSA) Blood Laboratory-identified Events (Bloodstream infections),HAI_5_SIR,0.483,,1/1/2013,12/31/2013
KY,Methicillin-resistant Staphylococcus Aureus (MRSA) Blood Laboratory-identified Events (Bloodstream infections),HAI_5_SIR,1.249,,1/1/2013,12/31/2013
LA,Methicillin-resistant Staphylococcus Aureus (MRSA) Blood Laboratory-identified Events (Bloodstream infections),HAI_5_SIR,1.274,,1/1/2013,12/31/2013
MA,Methicillin-resistant Staphylococcus Aureus (MRSA) Blood Laboratory-identified Events (Bloodstream infections),HAI_5_SIR,0.591,,1/1/2013,12/31/2013
MD,Methicillin-resistant Staphylococcus Aureus (MRSA) Blood Laboratory-identified Events (Bloodstream infections),HAI_5_SIR,0.819,,1/1/2013,12/31/2013
ME,Methicillin-resistant Staphylococcus Aureus (MRSA) Blood Laboratory-identified Events (Bloodstream infections),HAI_5_SIR,0.703,,1/1/2013,12/31/2013
MI,Methicillin-resistant Staphylococcus Aureus (MRSA) Blood Laboratory-identified Events (Bloodstream infections),HAI_5_SIR,1.007,,1/1/2013,12/31/2013
MN,Methicillin-resistant Staphylococcus Aureus (MRSA) Blood Laboratory-identified Events (Bloodstream infections),HAI_5_SIR,0.484,,1/1/2013,12/31/2013
MO,Methicillin-resistant Staphylococcus Aureus (MRSA) Blood Laboratory-identified Events (Bloodstream infections),HAI_5_SIR,0.802,,1/1/2013,12/31/2013
MP,Methicillin-resistant Staphylococcus Aureus (MRSA) Blood Laboratory-identified Events (Bloodstream infections),HAI_5_SIR,Not Available,12 - This measure does not apply to this hospital for this reporting period.,1/1/2013,12/31/2013
MS,Methicillin-resistant Staphylococcus Aureus (MRSA) Blood Laboratory-identified Events (Bloodstream infections),HAI_5_SIR,1.124,,1/1/2013,12/31/2013
MT,Methicillin-resistant Staphylococcus Aureus (MRSA) Blood Laboratory-identified Events (Bloodstream infections),HAI_5_SIR,0.475,,1/1/2013,12/31/2013
NC,Methicillin-resistant Staphylococcus Aureus (MRSA) Blood Laboratory-identified Events (Bloodstream infections),HAI_5_SIR,0.946,,1/1/2013,12/31/2013
ND,Methicillin-resistant Staphylococcus Aureus (MRSA) Blood Laboratory-identified Events (Bloodstream infections),HAI_5_SIR,1.167,,1/1/2013,12/31/2013
NE,Methicillin-resistant Staphylococcus Aureus (MRSA) Blood Laboratory-identified Events (Bloodstream infections),HAI_5_SIR,0.632,,1/1/2013,12/31/2013
NH,Methicillin-resistant Staphylococcus Aureus (MRSA) Blood Laboratory-identified Events (Bloodstream infections),HAI_5_SIR,0.434,,1/1/2013,12/31/2013
NJ,Methicillin-resistant Staphylococcus Aureus (MRSA) Blood Laboratory-identified Events (Bloodstream infections),HAI_5_SIR,1.131,,1/1/2013,12/31/2013
NM,Methicillin-resistant Staphylococcus Aureus (MRSA) Blood Laboratory-identified Events (Bloodstream infections),HAI_5_SIR,0.3,,1/1/2013,12/31/2013
NV,Methicillin-resistant Staphylococcus Aureus (MRSA) Blood Laboratory-identified Events (Bloodstream infections),HAI_5_SIR,0.793,,1/1/2013,12/31/2013
NY,Methicillin-resistant Staphylococcus Aureus (MRSA) Blood Laboratory-identified Events (Bloodstream infections),HAI_5_SIR,1.024,,1/1/2013,12/31/2013
OH,Methicillin-resistant Staphylococcus Aureus (MRSA) Blood Laboratory-identified Events (Bloodstream infections),HAI_5_SIR,0.842,,1/1/2013,12/31/2013
OK,Methicillin-resistant Staphylococcus Aureus (MRSA) Blood Laboratory-identified Events (Bloodstream infections),HAI_5_SIR,1.043,,1/1/2013,12/31/2013
OR,Methicillin-resistant Staphylococcus Aureus (MRSA) Blood Laboratory-identified Events (Bloodstream infections),HAI_5_SIR,0.611,,1/1/2013,12/31/2013
PA,Methicillin-resistant Staphylococcus Aureus (MRSA) Blood Laboratory-identified Events (Bloodstream infections),HAI_5_SIR,1.077,,1/1/2013,12/31/2013
PR,Methicillin-resistant Staphylococcus Aureus (MRSA) Blood Laboratory-identified Events (Bloodstream infections),HAI_5_SIR,0.142,,1/1/2013,12/31/2013
RI,Methicillin-resistant Staphylococcus Aureus (MRSA) Blood Laboratory-identified Events (Bloodstream infections),HAI_5_SIR,0.942,,1/1/2013,12/31/2013
SC,Methicillin-resistant Staphylococcus Aureus (MRSA) Blood Laboratory-identified Events (Bloodstream infections),HAI_5_SIR,0.937,,1/1/2013,12/31/2013
SD,Methicillin-resistant Staphylococcus Aureus (MRSA) Blood Laboratory-identified Events (Bloodstream infections),HAI_5_SIR,0.723,,1/1/2013,12/31/2013
TN,Methicillin-resistant Staphylococcus Aureus (MRSA) Blood Laboratory-identified Events (Bloodstream infections),HAI_5_SIR,1.176,,1/1/2013,12/31/2013
TX,Methicillin-resistant Staphylococcus Aureus (MRSA) Blood Laboratory-identified Events (Bloodstream infections),HAI_5_SIR,0.867,,1/1/2013,12/31/2013
UT,Methicillin-resistant Staphylococcus Aureus (MRSA) Blood Laboratory-identified Events (Bloodstream infections),HAI_5_SIR,0.598,,1/1/2013,12/31/2013
VA,Methicillin-resistant Staphylococcus Aureus (MRSA) Blood Laboratory-identified Events (Bloodstream infections),HAI_5_SIR,0.868,,1/1/2013,12/31/2013
VI,Methicillin-resistant Staphylococcus Aureus (MRSA) Blood Laboratory-identified Events (Bloodstream infections),HAI_5_SIR,4.072,,1/1/2013,12/31/2013
VT,Methicillin-resistant Staphylococcus Aureus (MRSA) Blood Laboratory-identified Events (Bloodstream infections),HAI_5_SIR,0.273,,1/1/2013,12/31/2013
WA,Methicillin-resistant Staphylococcus Aureus (MRSA) Blood Laboratory-identified Events (Bloodstream infections),HAI_5_SIR,0.784,,1/1/2013,12/31/2013
WI,Methicillin-resistant Staphylococcus Aureus (MRSA) Blood Laboratory-identified Events (Bloodstream infections),HAI_5_SIR,0.529,,1/1/2013,12/31/2013
WV,Methicillin-resistant Staphylococcus Aureus (MRSA) Blood Laboratory-identified Events (Bloodstream infections),HAI_5_SIR,0.926,,1/1/2013,12/31/2013
WY,Methicillin-resistant Staphylococcus Aureus (MRSA) Blood Laboratory-identified Events (Bloodstream infections),HAI_5_SIR,0.704,,1/1/2013,12/31/2013
AK,MRSA Upper Confidence Limit,HAI_5_CI_UPPER,0.733,,1/1/2013,12/31/2013
AL,MRSA Upper Confidence Limit,HAI_5_CI_UPPER,1.599,,1/1/2013,12/31/2013
AR,MRSA Upper Confidence Limit,HAI_5_CI_UPPER,1.413,,1/1/2013,12/31/2013
AS,MRSA Upper Confidence Limit,HAI_5_CI_UPPER,Not Available,12 - This measure does not apply to this hospital for this reporting period.,1/1/2013,12/31/2013
AZ,MRSA Upper Confidence Limit,HAI_5_CI_UPPER,1.138,,1/1/2013,12/31/2013
CA,MRSA Upper Confidence Limit,HAI_5_CI_UPPER,0.798,,1/1/2013,12/31/2013
CO,MRSA Upper Confidence Limit,HAI_5_CI_UPPER,0.951,,1/1/2013,12/31/2013
CT,MRSA Upper Confidence Limit,HAI_5_CI_UPPER,0.941,,1/1/2013,12/31/2013
DC,MRSA Upper Confidence Limit,HAI_5_CI_UPPER,1.967,,1/1/2013,12/31/2013
DE,MRSA Upper Confidence Limit,HAI_5_CI_UPPER,1.571,,1/1/2013,12/31/2013
FL,MRSA Upper Confidence Limit,HAI_5_CI_UPPER,1.203,,1/1/2013,12/31/2013
GA,MRSA Upper Confidence Limit,HAI_5_CI_UPPER,1.167,,1/1/2013,12/31/2013
GU,MRSA Upper Confidence Limit,HAI_5_CI_UPPER,Not Available,12 - This measure does not apply to this hospital for this reporting period.,1/1/2013,12/31/2013
HI,MRSA Upper Confidence Limit,HAI_5_CI_UPPER,0.899,,1/1/2013,12/31/2013
IA,MRSA Upper Confidence Limit,HAI_5_CI_UPPER,0.603,,1/1/2013,12/31/2013
ID,MRSA Upper Confidence Limit,HAI_5_CI_UPPER,0.889,,1/1/2013,12/31/2013
IL,MRSA Upper Confidence Limit,HAI_5_CI_UPPER,0.79,,1/1/2013,12/31/2013
IN,MRSA Upper Confidence Limit,HAI_5_CI_UPPER,0.943,,1/1/2013,12/31/2013
KS,MRSA Upper Confidence Limit,HAI_5_CI_UPPER,0.648,,1/1/2013,12/31/2013
KY,MRSA Upper Confidence Limit,HAI_5_CI_UPPER,1.439,,1/1/2013,12/31/2013
LA,MRSA Upper Confidence Limit,HAI_5_CI_UPPER,1.446,,1/1/2013,12/31/2013
MA,MRSA Upper Confidence Limit,HAI_5_CI_UPPER,0.697,,1/1/2013,12/31/2013
MD,MRSA Upper Confidence Limit,HAI_5_CI_UPPER,1.265,,1/1/2013,12/31/2013
ME,MRSA Upper Confidence Limit,HAI_5_CI_UPPER,1.055,,1/1/2013,12/31/2013
MI,MRSA Upper Confidence Limit,HAI_5_CI_UPPER,1.111,,1/1/2013,12/31/2013
MN,MRSA Upper Confidence Limit,HAI_5_CI_UPPER,0.618,,1/1/2013,12/31/2013
MO,MRSA Upper Confidence Limit,HAI_5_CI_UPPER,0.927,,1/1/2013,12/31/2013
MP,MRSA Upper Confidence Limit,HAI_5_CI_UPPER,Not Available,12 - This measure does not apply to this hospital for this reporting period.,1/1/2013,12/31/2013
MS,MRSA Upper Confidence Limit,HAI_5_CI_UPPER,1.33,,1/1/2013,12/31/2013
MT,MRSA Upper Confidence Limit,HAI_5_CI_UPPER,0.935,,1/1/2013,12/31/2013
NC,MRSA Upper Confidence Limit,HAI_5_CI_UPPER,1.053,,1/1/2013,12/31/2013
ND,MRSA Upper Confidence Limit,HAI_5_CI_UPPER,1.687,,1/1/2013,12/31/2013
NE,MRSA Upper Confidence Limit,HAI_5_CI_UPPER,0.872,,1/1/2013,12/31/2013
NH,MRSA Upper Confidence Limit,HAI_5_CI_UPPER,0.743,,1/1/2013,12/31/2013
NJ,MRSA Upper Confidence Limit,HAI_5_CI_UPPER,1.253,,1/1/2013,12/31/2013
NM,MRSA Upper Confidence Limit,HAI_5_CI_UPPER,0.503,,1/1/2013,12/31/2013
NV,MRSA Upper Confidence Limit,HAI_5_CI_UPPER,1.038,,1/1/2013,12/31/2013
NY,MRSA Upper Confidence Limit,HAI_5_CI_UPPER,1.093,,1/1/2013,12/31/2013
OH,MRSA Upper Confidence Limit,HAI_5_CI_UPPER,0.931,,1/1/2013,12/31/2013
OK,MRSA Upper Confidence Limit,HAI_5_CI_UPPER,1.224,,1/1/2013,12/31/2013
OR,MRSA Upper Confidence Limit,HAI_5_CI_UPPER,0.806,,1/1/2013,12/31/2013
PA,MRSA Upper Confidence Limit,HAI_5_CI_UPPER,1.169,,1/1/2013,12/31/2013
PR,MRSA Upper Confidence Limit,HAI_5_CI_UPPER,0.511,,1/1/2013,12/31/2013
RI,MRSA Upper Confidence Limit,HAI_5_CI_UPPER,1.317,,1/1/2013,12/31/2013
SC,MRSA Upper Confidence Limit,HAI_5_CI_UPPER,1.09,,1/1/2013,12/31/2013
SD,MRSA Upper Confidence Limit,HAI_5_CI_UPPER,1.143,,1/1/2013,12/31/2013
TN,MRSA Upper Confidence Limit,HAI_5_CI_UPPER,1.307,,1/1/2013,12/31/2013
TX,MRSA Upper Confidence Limit,HAI_5_CI_UPPER,0.937,,1/1/2013,12/31/2013
UT,MRSA Upper Confidence Limit,HAI_5_CI_UPPER,0.839,,1/1/2013,12/31/2013
VA,MRSA Upper Confidence Limit,HAI_5_CI_UPPER,0.997,,1/1/2013,12/31/2013
VI,MRSA Upper Confidence Limit,HAI_5_CI_UPPER,9.502,,1/1/2013,12/31/2013
VT,MRSA Upper Confidence Limit,HAI_5_CI_UPPER,0.699,,1/1/2013,12/31/2013
WA,MRSA Upper Confidence Limit,HAI_5_CI_UPPER,0.946,,1/1/2013,12/31/2013
WI,MRSA Upper Confidence Limit,HAI_5_CI_UPPER,0.677,,1/1/2013,12/31/2013
WV,MRSA Upper Confidence Limit,HAI_5_CI_UPPER,1.15,,1/1/2013,12/31/2013
WY,MRSA Upper Confidence Limit,HAI_5_CI_UPPER,1.802,,1/1/2013,12/31/2013
AK,MRSA Lower Confidence Limit,HAI_5_CI_LOWER,0.025,,1/1/2013,12/31/2013
AL,MRSA Lower Confidence Limit,HAI_5_CI_LOWER,1.261,,1/1/2013,12/31/2013
AR,MRSA Lower Confidence Limit,HAI_5_CI_LOWER,0.954,,1/1/2013,12/31/2013
AS,MRSA Lower Confidence Limit,HAI_5_CI_LOWER,Not Available,12 - This measure does not apply to this hospital for this reporting period.,1/1/2013,12/31/2013
AZ,MRSA Lower Confidence Limit,HAI_5_CI_LOWER,0.851,,1/1/2013,12/31/2013
CA,MRSA Lower Confidence Limit,HAI_5_CI_LOWER,0.686,,1/1/2013,12/31/2013
CO,MRSA Lower Confidence Limit,HAI_5_CI_LOWER,0.589,,1/1/2013,12/31/2013
CT,MRSA Lower Confidence Limit,HAI_5_CI_LOWER,0.645,,1/1/2013,12/31/2013
DC,MRSA Lower Confidence Limit,HAI_5_CI_LOWER,1.29,,1/1/2013,12/31/2013
DE,MRSA Lower Confidence Limit,HAI_5_CI_LOWER,0.817,,1/1/2013,12/31/2013
FL,MRSA Lower Confidence Limit,HAI_5_CI_LOWER,1.049,,1/1/2013,12/31/2013
GA,MRSA Lower Confidence Limit,HAI_5_CI_LOWER,0.938,,1/1/2013,12/31/2013
GU,MRSA Lower Confidence Limit,HAI_5_CI_LOWER,Not Available,12 - This measure does not apply to this hospital for this reporting period.,1/1/2013,12/31/2013
HI,MRSA Lower Confidence Limit,HAI_5_CI_LOWER,0.347,,1/1/2013,12/31/2013
IA,MRSA Lower Confidence Limit,HAI_5_CI_LOWER,0.314,,1/1/2013,12/31/2013
ID,MRSA Lower Confidence Limit,HAI_5_CI_LOWER,0.248,,1/1/2013,12/31/2013
IL,MRSA Lower Confidence Limit,HAI_5_CI_LOWER,0.624,,1/1/2013,12/31/2013
IN,MRSA Lower Confidence Limit,HAI_5_CI_LOWER,0.698,,1/1/2013,12/31/2013
KS,MRSA Lower Confidence Limit,HAI_5_CI_LOWER,0.351,,1/1/2013,12/31/2013
KY,MRSA Lower Confidence Limit,HAI_5_CI_LOWER,1.079,,1/1/2013,12/31/2013
LA,MRSA Lower Confidence Limit,HAI_5_CI_LOWER,1.118,,1/1/2013,12/31/2013
MA,MRSA Lower Confidence Limit,HAI_5_CI_LOWER,0.499,,1/1/2013,12/31/2013
MD,MRSA Lower Confidence Limit,HAI_5_CI_LOWER,0.5,,1/1/2013,12/31/2013
ME,MRSA Lower Confidence Limit,HAI_5_CI_LOWER,0.446,,1/1/2013,12/31/2013
MI,MRSA Lower Confidence Limit,HAI_5_CI_LOWER,0.91,,1/1/2013,12/31/2013
MN,MRSA Lower Confidence Limit,HAI_5_CI_LOWER,0.373,,1/1/2013,12/31/2013
MO,MRSA Lower Confidence Limit,HAI_5_CI_LOWER,0.69,,1/1/2013,12/31/2013
MP,MRSA Lower Confidence Limit,HAI_5_CI_LOWER,Not Available,12 - This measure does not apply to this hospital for this reporting period.,1/1/2013,12/31/2013
MS,MRSA Lower Confidence Limit,HAI_5_CI_LOWER,0.942,,1/1/2013,12/31/2013
MT,MRSA Lower Confidence Limit,HAI_5_CI_LOWER,0.205,,1/1/2013,12/31/2013
NC,MRSA Lower Confidence Limit,HAI_5_CI_LOWER,0.848,,1/1/2013,12/31/2013
ND,MRSA Lower Confidence Limit,HAI_5_CI_LOWER,0.775,,1/1/2013,12/31/2013
NE,MRSA Lower Confidence Limit,HAI_5_CI_LOWER,0.445,,1/1/2013,12/31/2013
NH,MRSA Lower Confidence Limit,HAI_5_CI_LOWER,0.231,,1/1/2013,12/31/2013
NJ,MRSA Lower Confidence Limit,HAI_5_CI_LOWER,1.019,,1/1/2013,12/31/2013
NM,MRSA Lower Confidence Limit,HAI_5_CI_LOWER,0.164,,1/1/2013,12/31/2013
NV,MRSA Lower Confidence Limit,HAI_5_CI_LOWER,0.594,,1/1/2013,12/31/2013
NY,MRSA Lower Confidence Limit,HAI_5_CI_LOWER,0.959,,1/1/2013,12/31/2013
OH,MRSA Lower Confidence Limit,HAI_5_CI_LOWER,0.76,,1/1/2013,12/31/2013
OK,MRSA Lower Confidence Limit,HAI_5_CI_LOWER,0.882,,1/1/2013,12/31/2013
OR,MRSA Lower Confidence Limit,HAI_5_CI_LOWER,0.454,,1/1/2013,12/31/2013
PA,MRSA Lower Confidence Limit,HAI_5_CI_LOWER,0.99,,1/1/2013,12/31/2013
PR,MRSA Lower Confidence Limit,HAI_5_CI_LOWER,0.017,,1/1/2013,12/31/2013
RI,MRSA Lower Confidence Limit,HAI_5_CI_LOWER,0.652,,1/1/2013,12/31/2013
SC,MRSA Lower Confidence Limit,HAI_5_CI_LOWER,0.801,,1/1/2013,12/31/2013
SD,MRSA Lower Confidence Limit,HAI_5_CI_LOWER,0.428,,1/1/2013,12/31/2013
TN,MRSA Lower Confidence Limit,HAI_5_CI_LOWER,1.055,,1/1/2013,12/31/2013
TX,MRSA Lower Confidence Limit,HAI_5_CI_LOWER,0.801,,1/1/2013,12/31/2013
UT,MRSA Lower Confidence Limit,HAI_5_CI_LOWER,0.411,,1/1/2013,12/31/2013
VA,MRSA Lower Confidence Limit,HAI_5_CI_LOWER,0.751,,1/1/2013,12/31/2013
VI,MRSA Lower Confidence Limit,HAI_5_CI_LOWER,1.322,,1/1/2013,12/31/2013
VT,MRSA Lower Confidence Limit,HAI_5_CI_LOWER,0.074,,1/1/2013,12/31/2013
WA,MRSA Lower Confidence Limit,HAI_5_CI_LOWER,0.644,,1/1/2013,12/31/2013
WI,MRSA Lower Confidence Limit,HAI_5_CI_LOWER,0.407,,1/1/2013,12/31/2013
WV,MRSA Lower Confidence Limit,HAI_5_CI_LOWER,0.735,,1/1/2013,12/31/2013
WY,MRSA Lower Confidence Limit,HAI_5_CI_LOWER,0.192,,1/1/2013,12/31/2013
AK,Clostridium difficile (C.diff.) Laboratory-identified Events (Intestinal infections),HAI_6_SIR,0.69,,1/1/2013,12/31/2013
AL,Clostridium difficile (C.diff.) Laboratory-identified Events (Intestinal infections),HAI_6_SIR,0.661,,1/1/2013,12/31/2013
AR,Clostridium difficile (C.diff.) Laboratory-identified Events (Intestinal infections),HAI_6_SIR,0.646,,1/1/2013,12/31/2013
AS,Clostridium difficile (C.diff.) Laboratory-identified Events (Intestinal infections),HAI_6_SIR,Not Available,12 - This measure does not apply to this hospital for this reporting period.,1/1/2013,12/31/2013
AZ,Clostridium difficile (C.diff.) Laboratory-identified Events (Intestinal infections),HAI_6_SIR,1.042,,1/1/2013,12/31/2013
CA,Clostridium difficile (C.diff.) Laboratory-identified Events (Intestinal infections),HAI_6_SIR,1.06,,1/1/2013,12/31/2013
CO,Clostridium difficile (C.diff.) Laboratory-identified Events (Intestinal infections),HAI_6_SIR,1.021,,1/1/2013,12/31/2013
CT,Clostridium difficile (C.diff.) Laboratory-identified Events (Intestinal infections),HAI_6_SIR,1.037,,1/1/2013,12/31/2013
DC,Clostridium difficile (C.diff.) Laboratory-identified Events (Intestinal infections),HAI_6_SIR,0.887,,1/1/2013,12/31/2013
DE,Clostridium difficile (C.diff.) Laboratory-identified Events (Intestinal infections),HAI_6_SIR,1.076,,1/1/2013,12/31/2013
FL,Clostridium difficile (C.diff.) Laboratory-identified Events (Intestinal infections),HAI_6_SIR,0.9,,1/1/2013,12/31/2013
GA,Clostridium difficile (C.diff.) Laboratory-identified Events (Intestinal infections),HAI_6_SIR,0.837,,1/1/2013,12/31/2013
GU,Clostridium difficile (C.diff.) Laboratory-identified Events (Intestinal infections),HAI_6_SIR,Not Available,12 - This measure does not apply to this hospital for this reporting period.,1/1/2013,12/31/2013
HI,Clostridium difficile (C.diff.) Laboratory-identified Events (Intestinal infections),HAI_6_SIR,0.676,,1/1/2013,12/31/2013
IA,Clostridium difficile (C.diff.) Laboratory-identified Events (Intestinal infections),HAI_6_SIR,0.785,,1/1/2013,12/31/2013
ID,Clostridium difficile (C.diff.) Laboratory-identified Events (Intestinal infections),HAI_6_SIR,0.652,,1/1/2013,12/31/2013
IL,Clostridium difficile (C.diff.) Laboratory-identified Events (Intestinal infections),HAI_6_SIR,0.914,,1/1/2013,12/31/2013
IN,Clostridium difficile (C.diff.) Laboratory-identified Events (Intestinal infections),HAI_6_SIR,0.918,,1/1/2013,12/31/2013
KS,Clostridium difficile (C.diff.) Laboratory-identified Events (Intestinal infections),HAI_6_SIR,0.925,,1/1/2013,12/31/2013
KY,Clostridium difficile (C.diff.) Laboratory-identified Events (Intestinal infections),HAI_6_SIR,0.959,,1/1/2013,12/31/2013
LA,Clostridium difficile (C.diff.) Laboratory-identified Events (Intestinal infections),HAI_6_SIR,0.647,,1/1/2013,12/31/2013
MA,Clostridium difficile (C.diff.) Laboratory-identified Events (Intestinal infections),HAI_6_SIR,1.018,,1/1/2013,12/31/2013
MD,Clostridium difficile (C.diff.) Laboratory-identified Events (Intestinal infections),HAI_6_SIR,1.153,,1/1/2013,12/31/2013
ME,Clostridium difficile (C.diff.) Laboratory-identified Events (Intestinal infections),HAI_6_SIR,0.542,,1/1/2013,12/31/2013
MI,Clostridium difficile (C.diff.) Laboratory-identified Events (Intestinal infections),HAI_6_SIR,0.93,,1/1/2013,12/31/2013
MN,Clostridium difficile (C.diff.) Laboratory-identified Events (Intestinal infections),HAI_6_SIR,0.845,,1/1/2013,12/31/2013
MO,Clostridium difficile (C.diff.) Laboratory-identified Events (Intestinal infections),HAI_6_SIR,0.865,,1/1/2013,12/31/2013
MP,Clostridium difficile (C.diff.) Laboratory-identified Events (Intestinal infections),HAI_6_SIR,Not Available,12 - This measure does not apply to this hospital for this reporting period.,1/1/2013,12/31/2013
MS,Clostridium difficile (C.diff.) Laboratory-identified Events (Intestinal infections),HAI_6_SIR,0.604,,1/1/2013,12/31/2013
MT,Clostridium difficile (C.diff.) Laboratory-identified Events (Intestinal infections),HAI_6_SIR,0.855,,1/1/2013,12/31/2013
NC,Clostridium difficile (C.diff.) Laboratory-identified Events (Intestinal infections),HAI_6_SIR,0.861,,1/1/2013,12/31/2013
ND,Clostridium difficile (C.diff.) Laboratory-identified Events (Intestinal infections),HAI_6_SIR,0.833,,1/1/2013,12/31/2013
NE,Clostridium difficile (C.diff.) Laboratory-identified Events (Intestinal infections),HAI_6_SIR,0.634,,1/1/2013,12/31/2013
NH,Clostridium difficile (C.diff.) Laboratory-identified Events (Intestinal infections),HAI_6_SIR,0.829,,1/1/2013,12/31/2013
NJ,Clostridium difficile (C.diff.) Laboratory-identified Events (Intestinal infections),HAI_6_SIR,1.044,,1/1/2013,12/31/2013
NM,Clostridium difficile (C.diff.) Laboratory-identified Events (Intestinal infections),HAI_6_SIR,1.109,,1/1/2013,12/31/2013
NV,Clostridium difficile (C.diff.) Laboratory-identified Events (Intestinal infections),HAI_6_SIR,1.173,,1/1/2013,12/31/2013
NY,Clostridium difficile (C.diff.) Laboratory-identified Events (Intestinal infections),HAI_6_SIR,0.974,,1/1/2013,12/31/2013
OH,Clostridium difficile (C.diff.) Laboratory-identified Events (Intestinal infections),HAI_6_SIR,0.942,,1/1/2013,12/31/2013
OK,Clostridium difficile (C.diff.) Laboratory-identified Events (Intestinal infections),HAI_6_SIR,0.901,,1/1/2013,12/31/2013
OR,Clostridium difficile (C.diff.) Laboratory-identified Events (Intestinal infections),HAI_6_SIR,0.772,,1/1/2013,12/31/2013
PA,Clostridium difficile (C.diff.) Laboratory-identified Events (Intestinal infections),HAI_6_SIR,0.959,,1/1/2013,12/31/2013
PR,Clostridium difficile (C.diff.) Laboratory-identified Events (Intestinal infections),HAI_6_SIR,0.368,,1/1/2013,12/31/2013
RI,Clostridium difficile (C.diff.) Laboratory-identified Events (Intestinal infections),HAI_6_SIR,1.187,,1/1/2013,12/31/2013
SC,Clostridium difficile (C.diff.) Laboratory-identified Events (Intestinal infections),HAI_6_SIR,0.749,,1/1/2013,12/31/2013
SD,Clostridium difficile (C.diff.) Laboratory-identified Events (Intestinal infections),HAI_6_SIR,0.706,,1/1/2013,12/31/2013
TN,Clostridium difficile (C.diff.) Laboratory-identified Events (Intestinal infections),HAI_6_SIR,0.783,,1/1/2013,12/31/2013
TX,Clostridium difficile (C.diff.) Laboratory-identified Events (Intestinal infections),HAI_6_SIR,0.81,,1/1/2013,12/31/2013
UT,Clostridium difficile (C.diff.) Laboratory-identified Events (Intestinal infections),HAI_6_SIR,0.791,,1/1/2013,12/31/2013
VA,Clostridium difficile (C.diff.) Laboratory-identified Events (Intestinal infections),HAI_6_SIR,1.006,,1/1/2013,12/31/2013
VI,Clostridium difficile (C.diff.) Laboratory-identified Events (Intestinal infections),HAI_6_SIR,0.499,,1/1/2013,12/31/2013
VT,Clostridium difficile (C.diff.) Laboratory-identified Events (Intestinal infections),HAI_6_SIR,0.588,,1/1/2013,12/31/2013
WA,Clostridium difficile (C.diff.) Laboratory-identified Events (Intestinal infections),HAI_6_SIR,0.938,,1/1/2013,12/31/2013
WI,Clostridium difficile (C.diff.) Laboratory-identified Events (Intestinal infections),HAI_6_SIR,0.899,,1/1/2013,12/31/2013
WV,Clostridium difficile (C.diff.) Laboratory-identified Events (Intestinal infections),HAI_6_SIR,1.016,,1/1/2013,12/31/2013
WY,Clostridium difficile (C.diff.) Laboratory-identified Events (Intestinal infections),HAI_6_SIR,0.816,,1/1/2013,12/31/2013
AK,C.diff Upper Confidence Limit,HAI_6_CI_UPPER,0.841,,1/1/2013,12/31/2013
AL,C.diff Upper Confidence Limit,HAI_6_CI_UPPER,0.698,,1/1/2013,12/31/2013
AR,C.diff Upper Confidence Limit,HAI_6_CI_UPPER,0.701,,1/1/2013,12/31/2013
AS,C.diff Upper Confidence Limit,HAI_6_CI_UPPER,Not Available,12 - This measure does not apply to this hospital for this reporting period.,1/1/2013,12/31/2013
AZ,C.diff Upper Confidence Limit,HAI_6_CI_UPPER,1.087,,1/1/2013,12/31/2013
CA,C.diff Upper Confidence Limit,HAI_6_CI_UPPER,1.081,,1/1/2013,12/31/2013
CO,C.diff Upper Confidence Limit,HAI_6_CI_UPPER,1.081,,1/1/2013,12/31/2013
CT,C.diff Upper Confidence Limit,HAI_6_CI_UPPER,1.091,,1/1/2013,12/31/2013
DC,C.diff Upper Confidence Limit,HAI_6_CI_UPPER,0.975,,1/1/2013,12/31/2013
DE,C.diff Upper Confidence Limit,HAI_6_CI_UPPER,1.192,,1/1/2013,12/31/2013
FL,C.diff Upper Confidence Limit,HAI_6_CI_UPPER,0.922,,1/1/2013,12/31/2013
GA,C.diff Upper Confidence Limit,HAI_6_CI_UPPER,0.871,,1/1/2013,12/31/2013
GU,C.diff Upper Confidence Limit,HAI_6_CI_UPPER,Not Available,12 - This measure does not apply to this hospital for this reporting period.,1/1/2013,12/31/2013
HI,C.diff Upper Confidence Limit,HAI_6_CI_UPPER,0.769,,1/1/2013,12/31/2013
IA,C.diff Upper Confidence Limit,HAI_6_CI_UPPER,0.841,,1/1/2013,12/31/2013
ID,C.diff Upper Confidence Limit,HAI_6_CI_UPPER,0.75,,1/1/2013,12/31/2013
IL,C.diff Upper Confidence Limit,HAI_6_CI_UPPER,0.942,,1/1/2013,12/31/2013
IN,C.diff Upper Confidence Limit,HAI_6_CI_UPPER,0.958,,1/1/2013,12/31/2013
KS,C.diff Upper Confidence Limit,HAI_6_CI_UPPER,0.991,,1/1/2013,12/31/2013
KY,C.diff Upper Confidence Limit,HAI_6_CI_UPPER,1.006,,1/1/2013,12/31/2013
LA,C.diff Upper Confidence Limit,HAI_6_CI_UPPER,0.688,,1/1/2013,12/31/2013
MA,C.diff Upper Confidence Limit,HAI_6_CI_UPPER,1.058,,1/1/2013,12/31/2013
MD,C.diff Upper Confidence Limit,HAI_6_CI_UPPER,1.212,,1/1/2013,12/31/2013
ME,C.diff Upper Confidence Limit,HAI_6_CI_UPPER,0.617,,1/1/2013,12/31/2013
MI,C.diff Upper Confidence Limit,HAI_6_CI_UPPER,0.96,,1/1/2013,12/31/2013
MN,C.diff Upper Confidence Limit,HAI_6_CI_UPPER,0.89,,1/1/2013,12/31/2013
MO,C.diff Upper Confidence Limit,HAI_6_CI_UPPER,0.904,,1/1/2013,12/31/2013
MP,C.diff Upper Confidence Limit,HAI_6_CI_UPPER,Not Available,12 - This measure does not apply to this hospital for this reporting period.,1/1/2013,12/31/2013
MS,C.diff Upper Confidence Limit,HAI_6_CI_UPPER,0.651,,1/1/2013,12/31/2013
MT,C.diff Upper Confidence Limit,HAI_6_CI_UPPER,0.979,,1/1/2013,12/31/2013
NC,C.diff Upper Confidence Limit,HAI_6_CI_UPPER,0.894,,1/1/2013,12/31/2013
ND,C.diff Upper Confidence Limit,HAI_6_CI_UPPER,0.949,,1/1/2013,12/31/2013
NE,C.diff Upper Confidence Limit,HAI_6_CI_UPPER,0.706,,1/1/2013,12/31/2013
NH,C.diff Upper Confidence Limit,HAI_6_CI_UPPER,0.929,,1/1/2013,12/31/2013
NJ,C.diff Upper Confidence Limit,HAI_6_CI_UPPER,1.08,,1/1/2013,12/31/2013
NM,C.diff Upper Confidence Limit,HAI_6_CI_UPPER,1.206,,1/1/2013,12/31/2013
NV,C.diff Upper Confidence Limit,HAI_6_CI_UPPER,1.254,,1/1/2013,12/31/2013
NY,C.diff Upper Confidence Limit,HAI_6_CI_UPPER,0.994,,1/1/2013,12/31/2013
OH,C.diff Upper Confidence Limit,HAI_6_CI_UPPER,0.97,,1/1/2013,12/31/2013
OK,C.diff Upper Confidence Limit,HAI_6_CI_UPPER,0.953,,1/1/2013,12/31/2013
OR,C.diff Upper Confidence Limit,HAI_6_CI_UPPER,0.831,,1/1/2013,12/31/2013
PA,C.diff Upper Confidence Limit,HAI_6_CI_UPPER,0.985,,1/1/2013,12/31/2013
PR,C.diff Upper Confidence Limit,HAI_6_CI_UPPER,0.488,,1/1/2013,12/31/2013
RI,C.diff Upper Confidence Limit,HAI_6_CI_UPPER,1.289,,1/1/2013,12/31/2013
SC,C.diff Upper Confidence Limit,HAI_6_CI_UPPER,0.79,,1/1/2013,12/31/2013
SD,C.diff Upper Confidence Limit,HAI_6_CI_UPPER,0.806,,1/1/2013,12/31/2013
TN,C.diff Upper Confidence Limit,HAI_6_CI_UPPER,0.817,,1/1/2013,12/31/2013
TX,C.diff Upper Confidence Limit,HAI_6_CI_UPPER,0.831,,1/1/2013,12/31/2013
UT,C.diff Upper Confidence Limit,HAI_6_CI_UPPER,0.866,,1/1/2013,12/31/2013
VA,C.diff Upper Confidence Limit,HAI_6_CI_UPPER,1.046,,1/1/2013,12/31/2013
VI,C.diff Upper Confidence Limit,HAI_6_CI_UPPER,1.165,,1/1/2013,12/31/2013
VT,C.diff Upper Confidence Limit,HAI_6_CI_UPPER,0.724,,1/1/2013,12/31/2013
WA,C.diff Upper Confidence Limit,HAI_6_CI_UPPER,0.984,,1/1/2013,12/31/2013
WI,C.diff Upper Confidence Limit,HAI_6_CI_UPPER,0.948,,1/1/2013,12/31/2013
WV,C.diff Upper Confidence Limit,HAI_6_CI_UPPER,1.085,,1/1/2013,12/31/2013
WY,C.diff Upper Confidence Limit,HAI_6_CI_UPPER,1.026,,1/1/2013,12/31/2013
AK,C.diff Lower Confidence Limit,HAI_6_CI_LOWER,0.561,,1/1/2013,12/31/2013
AL,C.diff Lower Confidence Limit,HAI_6_CI_LOWER,0.625,,1/1/2013,12/31/2013
AR,C.diff Lower Confidence Limit,HAI_6_CI_LOWER,0.595,,1/1/2013,12/31/2013
AS,C.diff Lower Confidence Limit,HAI_6_CI_LOWER,Not Available,12 - This measure does not apply to this hospital for this reporting period.,1/1/2013,12/31/2013
AZ,C.diff Lower Confidence Limit,HAI_6_CI_LOWER,0.998,,1/1/2013,12/31/2013
CA,C.diff Lower Confidence Limit,HAI_6_CI_LOWER,1.04,,1/1/2013,12/31/2013
CO,C.diff Lower Confidence Limit,HAI_6_CI_LOWER,0.964,,1/1/2013,12/31/2013
CT,C.diff Lower Confidence Limit,HAI_6_CI_LOWER,0.984,,1/1/2013,12/31/2013
DC,C.diff Lower Confidence Limit,HAI_6_CI_LOWER,0.805,,1/1/2013,12/31/2013
DE,C.diff Lower Confidence Limit,HAI_6_CI_LOWER,0.968,,1/1/2013,12/31/2013
FL,C.diff Lower Confidence Limit,HAI_6_CI_LOWER,0.879,,1/1/2013,12/31/2013
GA,C.diff Lower Confidence Limit,HAI_6_CI_LOWER,0.805,,1/1/2013,12/31/2013
GU,C.diff Lower Confidence Limit,HAI_6_CI_LOWER,Not Available,12 - This measure does not apply to this hospital for this reporting period.,1/1/2013,12/31/2013
HI,C.diff Lower Confidence Limit,HAI_6_CI_LOWER,0.591,,1/1/2013,12/31/2013
IA,C.diff Lower Confidence Limit,HAI_6_CI_LOWER,0.732,,1/1/2013,12/31/2013
ID,C.diff Lower Confidence Limit,HAI_6_CI_LOWER,0.564,,1/1/2013,12/31/2013
IL,C.diff Lower Confidence Limit,HAI_6_CI_LOWER,0.887,,1/1/2013,12/31/2013
IN,C.diff Lower Confidence Limit,HAI_6_CI_LOWER,0.88,,1/1/2013,12/31/2013
KS,C.diff Lower Confidence Limit,HAI_6_CI_LOWER,0.863,,1/1/2013,12/31/2013
KY,C.diff Lower Confidence Limit,HAI_6_CI_LOWER,0.913,,1/1/2013,12/31/2013
LA,C.diff Lower Confidence Limit,HAI_6_CI_LOWER,0.608,,1/1/2013,12/31/2013
MA,C.diff Lower Confidence Limit,HAI_6_CI_LOWER,0.979,,1/1/2013,12/31/2013
MD,C.diff Lower Confidence Limit,HAI_6_CI_LOWER,1.096,,1/1/2013,12/31/2013
ME,C.diff Lower Confidence Limit,HAI_6_CI_LOWER,0.473,,1/1/2013,12/31/2013
MI,C.diff Lower Confidence Limit,HAI_6_CI_LOWER,0.9,,1/1/2013,12/31/2013
MN,C.diff Lower Confidence Limit,HAI_6_CI_LOWER,0.801,,1/1/2013,12/31/2013
MO,C.diff Lower Confidence Limit,HAI_6_CI_LOWER,0.828,,1/1/2013,12/31/2013
MP,C.diff Lower Confidence Limit,HAI_6_CI_LOWER,Not Available,12 - This measure does not apply to this hospital for this reporting period.,1/1/2013,12/31/2013
MS,C.diff Lower Confidence Limit,HAI_6_CI_LOWER,0.559,,1/1/2013,12/31/2013
MT,C.diff Lower Confidence Limit,HAI_6_CI_LOWER,0.743,,1/1/2013,12/31/2013
NC,C.diff Lower Confidence Limit,HAI_6_CI_LOWER,0.83,,1/1/2013,12/31/2013
ND,C.diff Lower Confidence Limit,HAI_6_CI_LOWER,0.729,,1/1/2013,12/31/2013
NE,C.diff Lower Confidence Limit,HAI_6_CI_LOWER,0.568,,1/1/2013,12/31/2013
NH,C.diff Lower Confidence Limit,HAI_6_CI_LOWER,0.737,,1/1/2013,12/31/2013
NJ,C.diff Lower Confidence Limit,HAI_6_CI_LOWER,1.009,,1/1/2013,12/31/2013
NM,C.diff Lower Confidence Limit,HAI_6_CI_LOWER,1.018,,1/1/2013,12/31/2013
NV,C.diff Lower Confidence Limit,HAI_6_CI_LOWER,1.096,,1/1/2013,12/31/2013
NY,C.diff Lower Confidence Limit,HAI_6_CI_LOWER,0.954,,1/1/2013,12/31/2013
OH,C.diff Lower Confidence Limit,HAI_6_CI_LOWER,0.915,,1/1/2013,12/31/2013
OK,C.diff Lower Confidence Limit,HAI_6_CI_LOWER,0.851,,1/1/2013,12/31/2013
OR,C.diff Lower Confidence Limit,HAI_6_CI_LOWER,0.716,,1/1/2013,12/31/2013
PA,C.diff Lower Confidence Limit,HAI_6_CI_LOWER,0.933,,1/1/2013,12/31/2013
PR,C.diff Lower Confidence Limit,HAI_6_CI_LOWER,0.271,,1/1/2013,12/31/2013
RI,C.diff Lower Confidence Limit,HAI_6_CI_LOWER,1.092,,1/1/2013,12/31/2013
SC,C.diff Lower Confidence Limit,HAI_6_CI_LOWER,0.709,,1/1/2013,12/31/2013
SD,C.diff Lower Confidence Limit,HAI_6_CI_LOWER,0.616,,1/1/2013,12/31/2013
TN,C.diff Lower Confidence Limit,HAI_6_CI_LOWER,0.749,,1/1/2013,12/31/2013
TX,C.diff Lower Confidence Limit,HAI_6_CI_LOWER,0.79,,1/1/2013,12/31/2013
UT,C.diff Lower Confidence Limit,HAI_6_CI_LOWER,0.721,,1/1/2013,12/31/2013
VA,C.diff Lower Confidence Limit,HAI_6_CI_LOWER,0.966,,1/1/2013,12/31/2013
VI,C.diff Lower Confidence Limit,HAI_6_CI_LOWER,0.162,,1/1/2013,12/31/2013
VT,C.diff Lower Confidence Limit,HAI_6_CI_LOWER,0.472,,1/1/2013,12/31/2013
WA,C.diff Lower Confidence Limit,HAI_6_CI_LOWER,0.893,,1/1/2013,12/31/2013
WI,C.diff Lower Confidence Limit,HAI_6_CI_LOWER,0.853,,1/1/2013,12/31/2013
WV,C.diff Lower Confidence Limit,HAI_6_CI_LOWER,0.95,,1/1/2013,12/31/2013
WY,C.diff Lower Confidence Limit,HAI_6_CI_LOWER,0.639,,1/1/2013,12/31/2013
